START_DATE,END_DATE,CATEGORY,START,STOP,MILES,AVG_CATEGORY_MILES,date,time,day_night,ROUND_TRIP,MINUTES,RIDE_DURATION,NEXT_RIDE,TIME_DIFF,MONTH_April,MONTH_August,MONTH_December,MONTH_February,MONTH_January,MONTH_July,MONTH_June,MONTH_March,MONTH_May,MONTH_November,MONTH_October,MONTH_September,WEEKDAY_Friday,WEEKDAY_Monday,WEEKDAY_Saturday,WEEKDAY_Sunday,WEEKDAY_Thursday,WEEKDAY_Tuesday,WEEKDAY_Wednesday,PURPOSE_Airport/Travel,PURPOSE_Between Offices,PURPOSE_Charity ($),PURPOSE_Commute,PURPOSE_Customer Visit,PURPOSE_Errand/Supplies,PURPOSE_Meal/Entertain,PURPOSE_Meeting,PURPOSE_Moving,PURPOSE_Temporary Site
2024-01-01 23:54:00,2024-01-02 00:35:00,0,Winter Park,Miami,-0.5770777539426687,6.139240506329114,2024-01-01,23:54,1,0,-0.32122666433967484,-0.32122666433967484,2024-01-03 23:38:00,0.6827500710654467,False,False,False,False,True,False,False,False,False,False,False,False,False,True,False,False,False,False,False,False,False,False,False,False,False,False,False,True,False
2024-01-03 23:38:00,2024-01-04 00:09:00,0,Daytona Beach,New York,-1.0185746987194557,6.139240506329114,2024-01-03,23:38,1,0,-0.7303694849397894,-0.7303694849397894,2024-01-09 12:29:00,3.7006446383385856,False,False,False,False,True,False,False,False,False,False,False,False,False,False,False,False,False,False,True,False,False,False,False,True,False,False,False,False,False
2024-01-09 12:29:00,2024-01-09 13:58:00,0,Winter Park,Savannah,1.3655088030751936,6.139240506329114,2024-01-09,12:29,0,0,1.642658874540875,1.642658874540875,2024-01-10 15:01:00,-0.09575702856334818,False,False,False,False,True,False,False,False,False,False,False,False,False,False,False,False,False,True,False,False,False,False,False,False,False,False,True,False,False
2024-01-10 15:01:00,2024-01-10 15:28:00,0,Charlotte,Raleigh,-0.5550029067038293,6.139240506329114,2024-01-10,15:01,0,0,-0.8940266131798351,-0.8940266131798351,2024-01-13 22:58:00,1.831048043017919,False,False,False,False,True,False,False,False,False,False,False,False,False,False,False,False,False,False,True,False,True,False,False,False,False,False,False,False,False
2024-01-13 22:58:00,2024-01-14 00:17:00,0,Cary,Lake Wales,-0.7757513790922227,6.139240506329114,2024-01-13,22:58,1,0,1.2335160539407604,1.2335160539407604,2024-01-17 05:52:00,1.7632235608532891,False,False,False,False,True,False,False,False,False,False,False,False,False,False,True,False,False,False,False,False,False,False,False,False,True,False,False,False,False
2024-01-17 05:52:00,2024-01-17 06:36:00,0,Savannah,Latta,0.48251491352161985,6.139240506329114,2024-01-17,05:52,1,0,-0.19848381815964045,-0.19848381815964045,2024-01-18 02:55:00,-0.26325401060469494,False,False,False,False,True,False,False,False,False,False,False,False,False,False,False,False,False,False,True,False,False,False,False,False,False,False,True,False,False
2024-01-18 02:55:00,2024-01-18 03:00:00,0,Tampa,Palm Beach,0.81363762210421,6.139240506329114,2024-01-18,02:55,1,0,-1.794140818500087,-1.794140818500087,2024-01-18 05:42:00,-0.8866494684135102,False,False,False,False,True,False,False,False,False,False,False,False,False,False,False,False,True,False,False,False,False,False,False,False,True,False,False,False,False
2024-01-18 05:42:00,2024-01-18 06:42:00,0,Jacksonville,Daytona Beach,1.7407812061354622,6.139240506329114,2024-01-18,05:42,1,0,0.4561446948005428,0.4561446948005428,2024-01-18 16:14:00,-0.6448404450439603,False,False,False,False,True,False,False,False,False,False,False,False,False,False,False,False,True,False,False,False,False,False,True,False,False,False,False,False,False
2024-01-18 16:14:00,2024-01-18 16:25:00,0,Tampa,Savannah,-0.7757513790922227,6.139240506329114,2024-01-18,16:14,0,0,-1.5486551261400183,-1.5486551261400183,2024-01-20 23:30:00,0.9670231180511127,False,False,False,False,True,False,False,False,False,False,False,False,False,False,False,False,True,False,False,False,False,False,False,False,True,False,False,False,False
2024-01-20 23:30:00,2024-01-21 00:11:00,0,Jamaica,Orlando,0.4604400662827804,6.139240506329114,2024-01-20,23:30,1,0,-0.32122666433967484,-0.32122666433967484,2024-01-21 08:23:00,-0.6920226935063115,False,False,False,False,True,False,False,False,False,False,False,False,False,False,True,False,False,False,False,False,True,False,False,False,False,False,False,False,False
2024-01-21 08:23:00,2024-01-21 08:44:00,0,Jamaica,Daytona Beach,-0.6874519901368654,6.139240506329114,2024-01-21,08:23,0,0,-1.139512305539904,-1.139512305539904,2024-01-22 19:04:00,0.2327493763557721,False,False,False,False,True,False,False,False,False,False,False,False,False,False,False,True,False,False,False,False,False,False,True,False,False,False,False,False,False
2024-01-22 19:04:00,2024-01-22 19:46:00,0,New York,Palm Beach,-0.0914311146882032,6.139240506329114,2024-01-22,19:04,1,0,-0.2803123822796634,-0.2803123822796634,2024-01-23 04:49:00,-0.6619440101115627,False,False,False,False,True,False,False,False,False,False,False,False,False,True,False,False,False,False,False,True,False,False,False,False,False,False,False,False,False
2024-01-23 04:49:00,2024-01-23 05:00:00,0,Atlanta,Wilmington,0.06309281598367225,6.139240506329114,2024-01-23,04:49,1,0,-1.5486551261400183,-1.5486551261400183,2024-01-24 14:56:00,0.21859470181706672,False,False,False,False,True,False,False,False,False,False,False,False,False,False,False,False,False,True,False,False,False,False,True,False,False,False,False,False,False
2024-01-24 14:56:00,2024-01-24 16:02:00,0,Jacksonville,Jamaica,-0.9082004625252589,6.139240506329114,2024-01-24,14:56,0,0,0.7016303871606115,0.7016303871606115,2024-01-25 16:24:00,-0.11993793090030316,False,False,False,False,True,False,False,False,False,False,False,False,False,False,False,False,False,False,True,True,False,False,False,False,False,False,False,False,False
2024-01-25 16:24:00,2024-01-25 17:29:00,0,Berkeley Heights,Orlando,-0.5108532122261507,6.139240506329114,2024-01-25,16:24,0,0,0.6607161051006001,0.6607161051006001,2024-01-27 01:43:00,0.15843733502756893,False,False,False,False,True,False,False,False,False,False,False,False,False,False,False,False,True,False,False,False,True,False,False,False,False,False,False,False,False
2024-01-27 01:43:00,2024-01-27 01:59:00,0,Raleigh,Jamaica,-0.17973050364356044,6.139240506329114,2024-01-27,01:43,1,0,-1.3440837158399612,-1.3440837158399612,2024-01-27 12:28:00,-0.611223093014535,False,False,False,False,True,False,False,False,False,False,False,False,False,False,True,False,False,False,False,False,False,False,False,False,False,True,False,False,False
2024-01-27 12:28:00,2024-01-27 13:33:00,0,Charlotte,Palm Beach,-1.040649545958295,6.139240506329114,2024-01-27,12:28,0,0,0.6607161051006001,0.6607161051006001,2024-01-27 15:34:00,-0.9108303707504652,False,False,False,False,True,False,False,False,False,False,False,False,False,False,True,False,False,False,False,False,False,False,False,False,False,False,False,False,True
2024-01-27 15:34:00,2024-01-27 17:02:00,0,Gainesville,Kissimmee,1.1006106362091213,6.139240506329114,2024-01-27,15:34,0,0,1.6017445924808635,1.6017445924808635,2024-01-27 18:43:00,-0.922625932866053,False,False,False,False,True,False,False,False,False,False,False,False,False,False,True,False,False,False,False,False,False,False,False,False,False,False,True,False,False
2024-01-27 18:43:00,2024-01-27 19:52:00,0,Wilmington,Raleigh,-0.6433022956591867,6.139240506329114,2024-01-27,18:43,1,0,0.8243732333406459,0.8243732333406459,2024-01-28 17:35:00,-0.21371264971922618,False,False,False,False,True,False,False,False,False,False,False,False,False,False,True,False,False,False,False,False,False,False,False,False,False,False,True,False,False
2024-01-28 17:35:00,2024-01-28 17:47:00,0,Orlando,Daytona Beach,-1.1289489349136523,6.139240506329114,2024-01-28,17:35,0,0,-1.507740844080007,-1.507740844080007,2024-01-29 10:50:00,-0.3788505193374554,False,False,False,False,True,False,False,False,False,False,False,False,False,False,False,True,False,False,False,False,False,False,False,False,False,False,False,False,True
2024-01-29 10:50:00,2024-01-29 12:03:00,0,New York,Durham,1.1889100251644786,6.139240506329114,2024-01-29,10:50,0,0,0.9880303615806917,0.9880303615806917,2024-01-29 18:29:00,-0.7545391727189269,False,False,False,False,True,False,False,False,False,False,False,False,False,True,False,False,False,False,False,False,False,False,False,False,False,False,False,False,True
2024-01-29 18:29:00,2024-01-29 19:47:00,0,New York,Elizabeth,0.5708143024769773,6.139240506329114,2024-01-29,18:29,1,0,1.192601771880749,1.192601771880749,2024-01-30 03:39:00,-0.7038182556218994,False,False,False,False,True,False,False,False,False,False,False,False,False,True,False,False,False,False,False,False,False,False,False,False,False,False,True,False,False
2024-01-30 03:39:00,2024-01-30 04:04:00,0,Miami,Orlando,-0.6433022956591867,6.139240506329114,2024-01-30,03:39,1,0,-0.975855177299858,-0.975855177299858,2024-01-31 02:11:00,-0.19955797518052082,False,False,False,False,True,False,False,False,False,False,False,False,False,False,False,False,False,True,False,False,False,True,False,False,False,False,False,False,False
2024-01-31 02:11:00,2024-01-31 02:52:00,0,Lake Wales,Atlanta,-0.6874519901368654,6.139240506329114,2024-01-31,02:11,1,0,-0.32122666433967484,-0.32122666433967484,2024-01-31 13:02:00,-0.6224288770243435,False,False,False,False,True,False,False,False,False,False,False,False,False,False,False,False,False,False,True,False,True,False,False,False,False,False,False,False,False
2024-01-31 13:02:00,2024-01-31 13:57:00,1,Gainesville,Latta,1.1447603306868002,7.085714285714285,2024-01-31,13:02,0,0,0.25157328450048555,0.25157328450048555,2024-01-31 16:02:00,-0.9084712583273477,False,False,False,False,True,False,False,False,False,False,False,False,False,False,False,False,False,False,True,False,False,False,False,False,False,False,False,True,False
2024-01-31 16:02:00,2024-01-31 17:25:00,1,Morrisville,Orlando,0.23969159389438696,7.085714285714285,2024-01-31,16:02,0,0,1.3971731821808062,1.3971731821808062,2024-01-31 23:42:00,-0.7598471756709414,False,False,False,False,True,False,False,False,False,False,False,False,False,False,False,False,False,False,True,False,False,False,True,False,False,False,False,False,False
2024-02-01 16:23:00,2024-02-01 17:02:00,0,Morrisville,Tampa,0.9460867055372459,6.139240506329114,2024-02-01,16:23,0,0,-0.4030552284596977,-0.4030552284596977,2024-02-01 20:08:00,-0.8724947938748049,False,False,False,True,False,False,False,False,False,False,False,False,False,False,False,False,True,False,False,True,False,False,False,False,False,False,False,False,False
2024-02-01 20:08:00,2024-02-01 21:06:00,0,Berkeley Heights,Lake Wales,-1.0847992404359736,6.139240506329114,2024-02-01,20:08,1,0,0.3743161306805199,0.3743161306805199,2024-02-05 02:23:00,1.7526075549492601,False,False,False,True,False,False,False,False,False,False,False,False,False,False,False,False,True,False,False,False,False,False,False,False,False,False,False,True,False
2024-02-05 02:23:00,2024-02-05 03:23:00,1,Apex,Elizabeth,-1.1510237821524916,7.085714285714285,2024-02-05,02:23,1,0,0.4561446948005428,0.4561446948005428,2024-02-05 07:20:00,-0.8424161104800559,False,False,False,True,False,False,False,False,False,False,False,False,False,True,False,False,False,False,False,False,False,False,False,False,True,False,False,False,False
2024-02-05 07:20:00,2024-02-05 07:31:00,1,Tampa,Elizabeth,-0.6874519901368654,7.085714285714285,2024-02-05,07:20,0,0,-1.5486551261400183,-1.5486551261400183,2024-02-06 04:46:00,-0.2302264366810491,False,False,False,True,False,False,False,False,False,False,False,False,False,True,False,False,False,False,False,False,False,False,True,False,False,False,False,False,False
2024-02-06 04:46:00,2024-02-06 05:19:00,1,Apex,Jamaica,-0.7757513790922227,7.085714285714285,2024-02-06,04:46,1,0,-0.6485409208197664,-0.6485409208197664,2024-02-06 05:16:00,-0.9839628558671096,False,False,False,True,False,False,False,False,False,False,False,False,False,False,False,False,False,True,False,False,False,False,False,False,True,False,False,False,False
2024-02-06 05:16:00,2024-02-06 05:51:00,0,Morrisville,Kissimmee,-0.8861256152864194,6.139240506329114,2024-02-06,05:16,1,0,-0.5667123566997435,-0.5667123566997435,2024-02-08 14:03:00,1.0065382511383318,False,False,False,True,False,False,False,False,False,False,False,False,False,False,False,False,False,True,False,False,False,True,False,False,False,False,False,False,False
2024-02-08 14:03:00,2024-02-08 14:55:00,0,West Palm Beach,Raleigh,2.9328229570327866,6.139240506329114,2024-02-08,14:03,0,0,0.12883043832045118,0.12883043832045118,2024-02-10 05:29:00,0.38255301522373714,False,False,False,True,False,False,False,False,False,False,False,False,False,False,False,False,True,False,False,False,True,False,False,False,False,False,False,False,False
2024-02-10 05:29:00,2024-02-10 05:51:00,0,Sarasota,Melbourne,-0.9523501570029375,6.139240506329114,2024-02-10,05:29,1,0,-1.0985980234798924,-1.0985980234798924,2024-02-12 00:40:00,0.5329464321974816,False,False,False,True,False,False,False,False,False,False,False,False,False,False,True,False,False,False,False,False,False,False,False,False,False,True,False,False,False
2024-02-12 00:40:00,2024-02-12 01:29:00,0,Jamaica,Charlotte,-0.6874519901368654,6.139240506329114,2024-02-12,00:40,1,0,0.006087592140416814,0.006087592140416814,2024-02-12 08:27:00,-0.7356662733339864,False,False,False,True,False,False,False,False,False,False,False,False,False,True,False,False,False,False,False,False,True,False,False,False,False,False,False,False,False
2024-02-12 08:27:00,2024-02-12 09:29:00,0,West Palm Beach,Daytona Beach,1.3655088030751936,6.139240506329114,2024-02-12,08:27,0,0,0.5379732589205657,0.5379732589205657,2024-02-12 16:35:00,-0.7309480484877513,False,False,False,True,False,False,False,False,False,False,False,False,False,True,False,False,False,False,False,False,False,False,False,False,False,False,False,True,False
2024-02-13 10:40:00,2024-02-13 11:31:00,1,Gainesville,West Palm Beach,-0.9082004625252589,7.085714285714285,2024-02-13,10:40,0,0,0.08791615626043972,0.08791615626043972,2024-02-13 10:44:00,-1.0099130925214028,False,False,False,True,False,False,False,False,False,False,False,False,False,False,False,False,False,True,False,False,False,False,False,False,False,False,False,True,False
2024-02-13 10:44:00,2024-02-13 10:58:00,1,Melbourne,West Palm Beach,-1.1510237821524916,7.085714285714285,2024-02-13,10:44,0,0,-1.4259122799599842,-1.4259122799599842,2024-02-14 10:24:00,-0.15296550482394902,False,False,False,True,False,False,False,False,False,False,False,False,False,False,False,False,False,True,False,False,False,False,True,False,False,False,False,False,False
2024-02-14 10:24:00,2024-02-14 11:52:00,0,Sarasota,Savannah,-1.0185746987194557,6.139240506329114,2024-02-14,10:24,0,0,1.6017445924808635,1.6017445924808635,2024-02-14 11:31:00,-0.9945788617711386,False,False,False,True,False,False,False,False,False,False,False,False,False,False,False,False,False,False,True,False,False,False,True,False,False,False,False,False,False
2024-02-14 11:31:00,2024-02-14 11:56:00,1,Winter Park,Fort Pierce,-0.4446286705096326,7.085714285714285,2024-02-14,11:31,0,0,-0.975855177299858,-0.975855177299858,2024-02-14 19:03:00,-0.7303582703819719,False,False,False,True,False,False,False,False,False,False,False,False,False,False,False,False,False,False,True,False,False,False,False,False,True,False,False,False,False
2024-02-14 19:03:00,2024-02-14 19:41:00,0,West Palm Beach,New York,-0.6212274484203474,6.139240506329114,2024-02-14,19:03,1,0,-0.4439695105197092,-0.4439695105197092,2024-02-15 00:28:00,-0.8129272051910865,False,False,False,True,False,False,False,False,False,False,False,False,False,False,False,False,False,False,True,False,False,False,False,False,False,False,False,False,True
2024-02-15 00:28:00,2024-02-15 01:24:00,1,Jacksonville,Savannah,1.6304069699412655,7.085714285714285,2024-02-15,00:28,1,0,0.292487566560497,0.292487566560497,2024-02-19 00:42:00,2.3901576872967807,False,False,False,True,False,False,False,False,False,False,False,False,False,False,False,False,True,False,False,False,False,False,False,False,True,False,False,False,False
2024-02-19 00:42:00,2024-02-19 01:51:00,1,Wilmington,Jamaica,-1.040649545958295,7.085714285714285,2024-02-19,00:42,1,0,0.8243732333406459,0.8243732333406459,2024-02-22 16:28:00,2.0828832941857187,False,False,False,True,False,False,False,False,False,False,False,False,False,True,False,False,False,False,False,False,False,False,False,False,False,False,False,True,False
2024-02-22 16:28:00,2024-02-22 17:22:00,0,Raleigh,Orlando,-1.1289489349136523,6.139240506329114,2024-02-22,16:28,0,0,0.21065900244047409,0.21065900244047409,2024-02-24 04:35:00,0.2640076159620798,False,False,False,True,False,False,False,False,False,False,False,False,False,False,False,False,True,False,False,False,False,False,True,False,False,False,False,False,False
2024-02-24 04:35:00,2024-02-24 04:53:00,0,Cary,Orlando,2.8445235680774297,6.139240506329114,2024-02-24,04:35,1,0,-1.2622551517199383,-1.2622551517199383,2024-02-25 13:57:00,0.18792624031653843,False,False,False,True,False,False,False,False,False,False,False,False,False,False,True,False,False,False,False,False,False,False,True,False,False,False,False,False,False
2024-02-25 13:57:00,2024-02-25 14:31:00,0,Apex,Palm Beach,-0.8199010735699015,6.139240506329114,2024-02-25,13:57,0,0,-0.607626638759755,-0.607626638759755,2024-02-25 23:37:00,-0.6601746757942245,False,False,False,True,False,False,False,False,False,False,False,False,False,False,False,True,False,False,False,False,False,False,False,False,False,False,False,False,True
2024-02-25 23:37:00,2024-02-26 00:34:00,1,Cary,Berkeley Heights,1.8732302895684982,7.085714285714285,2024-02-25,23:37,1,0,0.3334018486205084,0.3334018486205084,2024-02-26 20:57:00,-0.2608948981815774,False,False,False,True,False,False,False,False,False,False,False,False,False,False,False,True,False,False,False,False,False,False,True,False,False,False,False,False,False
2024-02-26 20:57:00,2024-02-26 21:34:00,0,New York,Charlotte,-0.17973050364356044,6.139240506329114,2024-02-26,20:57,1,0,-0.48488379257972064,-0.48488379257972064,2024-02-27 05:26:00,-0.7038182556218994,False,False,False,True,False,False,False,False,False,False,False,False,False,True,False,False,False,False,False,False,False,False,False,False,False,False,False,True,False
2024-02-27 05:26:00,2024-02-27 05:34:00,0,Orlando,Savannah,-0.9964998514806162,6.139240506329114,2024-02-27,05:26,1,0,-1.6713979723200527,-1.6713979723200527,2024-02-27 14:34:00,-0.6637133444289008,False,False,False,True,False,False,False,False,False,False,False,False,False,False,False,False,False,True,False,False,False,True,False,False,False,False,False,False,False
2024-02-27 14:34:00,2024-02-27 14:47:00,0,Tampa,Winter Park,2.491326012256,6.139240506329114,2024-02-27,14:34,0,0,-1.4668265620199956,-1.4668265620199956,2024-02-29 08:14:00,0.4845846275235716,False,False,False,True,False,False,False,False,False,False,False,False,False,False,False,False,False,True,False,False,False,False,False,False,False,False,False,True,False
2024-02-29 08:14:00,2024-02-29 08:46:00,0,Lake Wales,Winter Park,2.3588769288229634,6.139240506329114,2024-02-29,08:14,0,0,-0.6894552028797779,-0.6894552028797779,2024-03-01 08:52:00,-0.1293743805927734,False,False,False,True,False,False,False,False,False,False,False,False,False,False,False,False,True,False,False,True,False,False,False,False,False,False,False,False,False
2024-03-01 08:52:00,2024-03-01 09:31:00,0,Miami,Lake Wales,0.9902364000149245,6.139240506329114,2024-03-01,08:52,0,0,-0.4030552284596977,-0.4030552284596977,2024-03-03 00:07:00,0.38373257143529593,False,False,False,False,False,False,False,True,False,False,False,False,True,False,False,False,False,False,False,False,False,False,False,True,False,False,False,False,False
2024-03-03 00:07:00,2024-03-03 01:06:00,0,Kissimmee,Charlotte,-0.9302753097640982,6.139240506329114,2024-03-03,00:07,1,0,0.41523041274053135,0.41523041274053135,2024-03-03 18:03:00,-0.3823891879721317,False,False,False,False,False,False,False,True,False,False,False,False,False,False,False,True,False,False,False,False,False,False,False,False,True,False,False,False,False
2024-03-03 18:03:00,2024-03-03 19:04:00,0,Melbourne,Fort Pierce,-0.8640507680475802,6.139240506329114,2024-03-03,18:03,1,0,0.4970589768605543,0.4970589768605543,2024-03-07 17:58:00,2.3760030127580754,False,False,False,False,False,False,False,True,False,False,False,False,False,False,False,True,False,False,False,True,False,False,False,False,False,False,False,False,False
2024-03-07 17:58:00,2024-03-07 19:22:00,0,Cary,Apex,-1.1068740876748129,6.139240506329114,2024-03-07,17:58,0,0,1.4380874642408177,1.4380874642408177,2024-03-10 09:09:00,1.2041139165744275,False,False,False,False,False,False,False,True,False,False,False,False,False,False,False,False,True,False,False,False,True,False,False,False,False,False,False,False,False
2024-03-10 09:09:00,2024-03-10 10:18:00,1,Chapel Hill,Tampa,0.04101796874483298,7.085714285714285,2024-03-10,09:09,0,0,0.8243732333406459,0.8243732333406459,2024-03-13 04:00:00,1.342711771432584,False,False,False,False,False,False,False,True,False,False,False,False,False,False,False,True,False,False,False,False,False,False,False,False,False,False,False,True,False
2024-03-13 04:00:00,2024-03-13 04:13:00,0,Durham,Jamaica,-1.0185746987194557,6.139240506329114,2024-03-13,04:00,1,0,-1.4668265620199956,-1.4668265620199956,2024-03-14 20:52:00,0.4562752784461609,False,False,False,False,False,False,False,True,False,False,False,False,False,False,False,False,False,False,True,False,False,False,False,True,False,False,False,False,False
2024-03-14 20:52:00,2024-03-14 22:05:00,0,Elizabeth,Boca Raton,-0.6653771428980261,6.139240506329114,2024-03-14,20:52,1,0,0.9880303615806917,0.9880303615806917,2024-03-16 07:18:00,0.19323424326855296,False,False,False,False,False,False,False,True,False,False,False,False,False,False,False,False,True,False,False,True,False,False,False,False,False,False,False,False,False
2024-03-16 07:18:00,2024-03-16 08:07:00,0,Gainesville,Jamaica,-0.9744250042417769,6.139240506329114,2024-03-16,07:18,0,0,0.006087592140416814,0.006087592140416814,2024-03-18 00:34:00,0.4491979411768082,False,False,False,False,False,False,False,True,False,False,False,False,False,False,True,False,False,False,False,False,False,False,False,False,True,False,False,False,False
2024-03-18 00:34:00,2024-03-18 00:48:00,0,Jamaica,Sarasota,-0.9744250042417769,6.139240506329114,2024-03-18,00:34,1,0,-1.4259122799599842,-1.4259122799599842,2024-03-20 01:39:00,0.7464461064896208,False,False,False,False,False,False,False,True,False,False,False,False,False,True,False,False,False,False,False,False,False,False,False,True,False,False,False,False,False
2024-03-20 01:39:00,2024-03-20 03:05:00,1,Palm Beach,Atlanta,-1.040649545958295,7.085714285714285,2024-03-20,01:39,1,0,1.5199160283608406,1.5199160283608406,2024-03-22 14:03:00,1.1044414166977106,False,False,False,False,False,False,False,True,False,False,False,False,False,False,False,False,False,False,True,False,False,False,False,False,False,False,False,True,False
2024-03-22 14:03:00,2024-03-22 14:39:00,0,Daytona Beach,Melbourne,0.5708143024769773,6.139240506329114,2024-03-22,14:03,0,0,-0.525798074639732,-0.525798074639732,2024-03-23 08:58:00,-0.33402738329822174,False,False,False,False,False,False,False,True,False,False,False,False,True,False,False,False,False,False,False,False,True,False,False,False,False,False,False,False,False
2024-03-23 08:58:00,2024-03-23 10:25:00,0,West Palm Beach,Chapel Hill,-0.53292805946499,6.139240506329114,2024-03-23,08:58,0,0,1.560830310420852,1.560830310420852,2024-03-23 09:06:00,-1.0287859919063433,False,False,False,False,False,False,False,True,False,False,False,False,False,False,True,False,False,False,False,False,False,False,False,False,False,False,True,False,False
2024-03-23 09:06:00,2024-03-23 09:56:00,0,Palm Beach,Atlanta,-0.6874519901368654,6.139240506329114,2024-03-23,09:06,0,0,0.04700187420042827,0.04700187420042827,2024-03-24 12:09:00,-0.05447256115879087,False,False,False,False,False,False,False,True,False,False,False,False,False,False,True,False,False,False,False,False,True,False,False,False,False,False,False,False,False
2024-03-24 12:09:00,2024-03-24 13:09:00,0,Raleigh,Lake Wales,0.10724251046135097,6.139240506329114,2024-03-24,12:09,0,0,0.4561446948005428,0.4561446948005428,2024-03-24 13:11:00,-0.9810139653382126,False,False,False,False,False,False,False,True,False,False,False,False,False,False,False,True,False,False,False,False,False,False,False,True,False,False,False,False,False
2024-03-24 13:11:00,2024-03-24 14:04:00,0,Elizabeth,Durham,0.9681615527760852,6.139240506329114,2024-03-24,13:11,0,0,0.16974472038046262,0.16974472038046262,2024-03-25 23:44:00,0.2091582521245965,False,False,False,False,False,False,False,True,False,False,False,False,False,False,False,True,False,False,False,False,True,False,False,False,False,False,False,False,False
2024-03-25 23:44:00,2024-03-26 00:11:00,0,Apex,West Palm Beach,-0.2018053508823999,6.139240506329114,2024-03-25,23:44,1,0,-0.8940266131798351,-0.8940266131798351,2024-03-26 23:17:00,-0.16476106693953682,False,False,False,False,False,False,False,True,False,False,False,False,False,True,False,False,False,False,False,False,False,False,True,False,False,False,False,False,False
2024-03-26 23:17:00,2024-03-27 00:44:00,0,Atlanta,Miami,-0.8640507680475802,6.139240506329114,2024-03-26,23:17,1,0,1.560830310420852,1.560830310420852,2024-03-27 01:25:00,-0.9580126192128164,False,False,False,False,False,False,False,True,False,False,False,False,False,False,False,False,False,True,False,False,False,True,False,False,False,False,False,False,False
2024-03-27 01:25:00,2024-03-27 02:21:00,0,Jacksonville,Winter Park,-0.22388019812123916,6.139240506329114,2024-03-27,01:25,1,0,0.292487566560497,0.292487566560497,2024-03-27 09:13:00,-0.7392049419686627,False,False,False,False,False,False,False,True,False,False,False,False,False,False,False,False,False,False,True,False,False,False,False,False,False,False,False,False,True
2024-03-27 09:13:00,2024-03-27 09:43:00,0,Latta,Boca Raton,0.1513922049390297,6.139240506329114,2024-03-27,09:13,0,0,-0.7712837669998008,-0.7712837669998008,2024-03-28 14:52:00,0.04932838545838178,False,False,False,False,False,False,False,True,False,False,False,False,False,False,False,False,False,False,True,False,False,True,False,False,False,False,False,False,False
2024-03-28 14:52:00,2024-03-28 15:47:00,1,Cary,Chapel Hill,0.9460867055372459,7.085714285714285,2024-03-28,14:52,0,0,0.25157328450048555,0.25157328450048555,2024-03-30 08:47:00,0.4686606186675281,False,False,False,False,False,False,False,True,False,False,False,False,False,False,False,False,True,False,False,False,False,False,False,False,False,False,False,True,False
2024-03-30 08:47:00,2024-03-30 09:56:00,0,Cary,Raleigh,-0.3121795870765966,6.139240506329114,2024-03-30,08:47,0,0,0.8243732333406459,0.8243732333406459,2024-03-31 11:42:00,-0.0703965700148344,False,False,False,False,False,False,False,True,False,False,False,False,False,False,True,False,False,False,False,False,True,False,False,False,False,False,False,False,False
2024-03-31 11:42:00,2024-03-31 12:29:00,0,Fort Pierce,Boca Raton,-0.400478976031954,6.139240506329114,2024-03-31,11:42,0,0,-0.0757409719796061,-0.0757409719796061,2024-03-31 19:22:00,-0.7386151638628833,False,False,False,False,False,False,False,True,False,False,False,False,False,False,False,True,False,False,False,False,False,False,False,False,False,False,False,True,False
2024-03-31 19:22:00,2024-03-31 20:27:00,0,Lake Wales,Tampa,-0.24595504536007864,6.139240506329114,2024-03-31,19:22,1,0,0.6607161051006001,0.6607161051006001,2024-04-01 04:13:00,-0.7073569242565757,False,False,False,False,False,False,False,True,False,False,False,False,False,False,False,True,False,False,False,False,False,False,True,False,False,False,False,False,False
2024-04-01 04:13:00,2024-04-01 05:38:00,0,Gainesville,Daytona Beach,0.2838412883720657,6.139240506329114,2024-04-01,04:13,1,0,1.4790017463008291,1.4790017463008291,2024-04-03 13:05:00,0.9799982363782592,True,False,False,False,False,False,False,False,False,False,False,False,False,True,False,False,False,False,False,False,False,False,False,False,False,False,False,False,True
2024-04-03 13:05:00,2024-04-03 14:22:00,1,Sarasota,Morrisville,-1.0627243931971342,7.085714285714285,2024-04-03,13:05,0,0,1.1516874898207374,1.1516874898207374,2024-04-03 17:36:00,-0.8677765690285697,True,False,False,False,False,False,False,False,False,False,False,False,False,False,False,False,False,False,True,False,False,False,False,False,True,False,False,False,False
2024-04-03 17:36:00,2024-04-03 18:33:00,0,Miami,Morrisville,-1.1068740876748129,6.139240506329114,2024-04-03,17:36,0,0,0.3334018486205084,0.3334018486205084,2024-04-04 08:53:00,-0.474984350579496,True,False,False,False,False,False,False,False,False,False,False,False,False,False,False,False,False,False,True,False,False,False,False,True,False,False,False,False,False
2024-04-04 08:53:00,2024-04-04 09:58:00,0,Jamaica,New York,-1.1068740876748129,6.139240506329114,2024-04-04,08:53,0,0,0.6607161051006001,0.6607161051006001,2024-04-05 01:48:00,-0.4219043210593509,True,False,False,False,False,False,False,False,False,False,False,False,False,False,False,False,True,False,False,False,False,False,False,True,False,False,False,False,False
2024-04-05 01:48:00,2024-04-05 02:13:00,0,Atlanta,Tampa,-0.8861256152864194,6.139240506329114,2024-04-05,01:48,1,0,-0.975855177299858,-0.975855177299858,2024-04-07 15:15:00,1.177573901814355,True,False,False,False,False,False,False,False,False,False,False,False,True,False,False,False,False,False,False,False,False,False,False,False,False,False,False,False,True
2024-04-07 15:15:00,2024-04-07 15:49:00,0,Lake Wales,Jamaica,2.0056793730015348,6.139240506329114,2024-04-07,15:15,0,0,-0.607626638759755,-0.607626638759755,2024-04-09 12:21:00,0.5936935770927588,True,False,False,False,False,False,False,False,False,False,False,False,False,False,False,True,False,False,False,False,False,False,False,True,False,False,False,False,False
2024-04-09 12:21:00,2024-04-09 13:13:00,0,Sarasota,Miami,-0.2018053508823999,6.139240506329114,2024-04-09,12:21,0,0,0.12883043832045118,0.12883043832045118,2024-04-09 19:08:00,-0.772822293998088,True,False,False,False,False,False,False,False,False,False,False,False,False,False,False,False,False,True,False,False,False,False,False,False,False,False,False,True,False
2024-04-09 19:08:00,2024-04-09 20:14:00,1,Sarasota,Savannah,1.8070057478519803,7.085714285714285,2024-04-09,19:08,1,0,0.7016303871606115,0.7016303871606115,2024-04-12 18:40:00,1.5102087534739308,True,False,False,False,False,False,False,False,False,False,False,False,False,False,False,False,False,True,False,False,False,False,False,False,False,False,False,True,False
2024-04-12 18:40:00,2024-04-12 20:09:00,0,Elizabeth,Winter Park,1.2330597196421575,6.139240506329114,2024-04-12,18:40,1,0,1.642658874540875,1.642658874540875,2024-04-13 16:24:00,-0.26561312302781254,True,False,False,False,False,False,False,False,False,False,False,False,True,False,False,False,False,False,False,False,False,False,False,True,False,False,False,False,False
2024-04-13 16:24:00,2024-04-13 17:51:00,0,Melbourne,Daytona Beach,-0.8419759208087408,6.139240506329114,2024-04-13,16:24,0,0,1.560830310420852,1.560830310420852,2024-04-15 23:56:00,0.9316364317043493,True,False,False,False,False,False,False,False,False,False,False,False,False,False,True,False,False,False,False,False,False,False,False,False,True,False,False,False,False
2024-04-15 23:56:00,2024-04-16 00:56:00,0,Lake Wales,Miami,1.8070057478519803,6.139240506329114,2024-04-15,23:56,1,0,0.4561446948005428,0.4561446948005428,2024-04-16 03:03:00,-0.9072917021157889,True,False,False,False,False,False,False,False,False,False,False,False,False,True,False,False,False,False,False,True,False,False,False,False,False,False,False,False,False
2024-04-16 03:03:00,2024-04-16 03:47:00,1,Fort Pierce,Kissimmee,2.0939787619568917,7.085714285714285,2024-04-16,03:03,1,0,-0.19848381815964045,-0.19848381815964045,2024-04-16 04:30:00,-0.9568330630012577,True,False,False,False,False,False,False,False,False,False,False,False,False,False,False,False,False,True,False,False,False,False,False,False,False,False,False,True,False
2024-04-16 04:30:00,2024-04-16 05:28:00,0,Gainesville,Morrisville,1.8732302895684982,6.139240506329114,2024-04-16,04:30,1,0,0.3743161306805199,0.3743161306805199,2024-04-17 03:24:00,-0.20604553434409412,True,False,False,False,False,False,False,False,False,False,False,False,False,False,False,False,False,True,False,False,False,True,False,False,False,False,False,False,False
2024-04-17 03:24:00,2024-04-17 03:53:00,1,Cary,Miami,2.116053609195731,7.085714285714285,2024-04-17,03:24,1,0,-0.8121980490598123,-0.8121980490598123,2024-04-17 16:43:00,-0.5280643800996411,True,False,False,False,False,False,False,False,False,False,False,False,False,False,False,False,False,False,True,False,False,False,False,False,False,False,False,True,False
2024-04-17 16:43:00,2024-04-17 17:54:00,0,Palm Beach,Morrisville,-1.040649545958295,6.139240506329114,2024-04-17,16:43,0,0,0.9062017974606688,0.9062017974606688,2024-04-18 04:26:00,-0.6094537586971969,True,False,False,False,False,False,False,False,False,False,False,False,False,False,False,False,False,False,True,False,False,False,False,True,False,False,False,False,False
2024-04-18 04:26:00,2024-04-18 05:44:00,0,Wilmington,Melbourne,1.0343860944926033,6.139240506329114,2024-04-18,04:26,1,0,1.192601771880749,1.192601771880749,2024-04-18 04:46:00,-1.016400651684976,True,False,False,False,False,False,False,False,False,False,False,False,False,False,False,False,True,False,False,True,False,False,False,False,False,False,False,False,False
2024-04-18 04:46:00,2024-04-18 04:59:00,1,Latta,Jacksonville,-1.0627243931971342,7.085714285714285,2024-04-18,04:46,1,0,-1.4668265620199956,-1.4668265620199956,2024-04-20 05:04:00,0.7193163136237689,True,False,False,False,False,False,False,False,False,False,False,False,False,False,False,False,True,False,False,False,False,False,False,False,False,False,False,True,False
2024-04-20 05:04:00,2024-04-20 06:14:00,0,Lake Wales,Cary,-0.4225538232707933,6.139240506329114,2024-04-20,05:04,1,0,0.8652875154006573,0.8652875154006573,2024-04-23 20:37:00,2.074626400704807,True,False,False,False,False,False,False,False,False,False,False,False,False,False,True,False,False,False,False,False,False,False,False,False,False,False,False,True,False
2024-04-23 20:37:00,2024-04-23 22:02:00,0,Winter Park,Kissimmee,0.48251491352161985,6.139240506329114,2024-04-23,20:37,1,0,1.4790017463008291,1.4790017463008291,2024-04-25 05:31:00,0.1318973202674964,True,False,False,False,False,False,False,False,False,False,False,False,False,False,False,False,False,True,False,False,True,False,False,False,False,False,False,False,False
2024-04-25 05:31:00,2024-04-25 06:03:00,1,Sarasota,Lake Wales,1.8290805950908198,7.085714285714285,2024-04-25,05:31,1,0,-0.6894552028797779,-0.6894552028797779,2024-04-26 04:19:00,-0.19424997222850632,True,False,False,False,False,False,False,False,False,False,False,False,False,False,False,False,True,False,False,False,False,False,False,False,True,False,False,False,False
2024-04-26 04:19:00,2024-04-26 05:45:00,1,Apex,Savannah,-0.6212274484203474,7.085714285714285,2024-04-26,04:19,1,0,1.5199160283608406,1.5199160283608406,2024-04-26 15:12:00,-0.6477893355728572,True,False,False,False,False,False,False,False,False,False,False,False,True,False,False,False,False,False,False,False,False,False,False,False,False,False,False,True,False
2024-04-26 15:12:00,2024-04-26 16:21:00,0,Lake Wales,Raleigh,0.5045897607604591,6.139240506329114,2024-04-26,15:12,0,0,0.8243732333406459,0.8243732333406459,2024-04-27 07:58:00,-0.4295714364344829,True,False,False,False,False,False,False,False,False,False,False,False,True,False,False,False,False,False,False,True,False,False,False,False,False,False,False,False,False
2024-04-27 07:58:00,2024-04-27 08:28:00,1,Jamaica,Palm Beach,0.6591136914323343,7.085714285714285,2024-04-27,07:58,0,0,-0.7712837669998008,-0.7712837669998008,2024-04-27 08:36:00,-0.9774752967035363,True,False,False,False,False,False,False,False,False,False,False,False,False,False,True,False,False,False,False,False,False,False,False,False,False,False,False,True,False
2024-04-27 08:36:00,2024-04-27 10:04:00,0,West Palm Beach,Cary,0.5487394552381376,6.139240506329114,2024-04-27,08:36,0,0,1.6017445924808635,1.6017445924808635,2024-04-28 04:53:00,-0.31633404012484007,True,False,False,False,False,False,False,False,False,False,False,False,False,False,True,False,False,False,False,False,False,False,False,False,True,False,False,False,False
2024-04-28 04:53:00,2024-04-28 06:01:00,0,Savannah,Melbourne,-0.7095268373757048,6.139240506329114,2024-04-28,04:53,1,0,0.7834589512806345,0.7834589512806345,2024-05-01 00:40:00,1.3763291234620092,True,False,False,False,False,False,False,False,False,False,False,False,False,False,False,True,False,False,False,False,False,False,False,True,False,False,False,False,False
2024-05-01 00:40:00,2024-05-01 01:26:00,0,Orlando,Cary,0.23969159389438696,6.139240506329114,2024-05-01,00:40,1,0,-0.11665525403961755,-0.11665525403961755,2024-05-01 08:55:00,-0.7173831520548253,False,False,False,False,False,False,False,False,True,False,False,False,False,False,False,False,False,False,True,False,False,False,False,False,False,False,False,True,False
2024-05-01 08:55:00,2024-05-01 10:25:00,0,Jacksonville,Morrisville,-0.9523501570029375,6.139240506329114,2024-05-01,08:55,0,0,1.6835731566008865,1.6835731566008865,2024-05-02 05:00:00,-0.32459093360575153,False,False,False,False,False,False,False,False,True,False,False,False,False,False,False,False,False,False,True,False,False,False,False,False,True,False,False,False,False
2024-05-02 05:00:00,2024-05-02 05:32:00,0,Savannah,Tampa,-0.400478976031954,6.139240506329114,2024-05-02,05:00,1,0,-0.6894552028797779,-0.6894552028797779,2024-05-06 21:14:00,2.9704993433837004,False,False,False,False,False,False,False,False,True,False,False,False,False,False,False,False,True,False,False,True,False,False,False,False,False,False,False,False,False
2024-05-09 10:39:00,2024-05-09 11:25:00,0,Lake Wales,Apex,-0.599152601181508,6.139240506329114,2024-05-09,10:39,0,0,-0.11665525403961755,-0.11665525403961755,2024-05-09 12:31:00,-0.9432681665683317,False,False,False,False,False,False,False,False,True,False,False,False,False,False,False,False,True,False,False,False,False,False,False,False,True,False,False,False,False
2024-05-09 12:31:00,2024-05-09 13:07:00,1,Cary,Wilmington,-1.1289489349136523,7.085714285714285,2024-05-09,12:31,0,0,-0.525798074639732,-0.525798074639732,2024-05-10 17:17:00,0.014531477217397764,False,False,False,False,False,False,False,False,True,False,False,False,False,False,False,False,True,False,False,False,False,False,True,False,False,False,False,False,False
2024-05-10 17:17:00,2024-05-10 17:35:00,0,Latta,Savannah,-1.0627243931971342,6.139240506329114,2024-05-10,17:17,0,0,-1.2622551517199383,-1.2622551517199383,2024-05-11 13:03:00,-0.29333269399944384,False,False,False,False,False,False,False,False,True,False,False,False,True,False,False,False,False,False,False,False,False,False,False,False,False,True,False,False,False
2024-05-11 13:03:00,2024-05-11 13:22:00,0,New York,Charlotte,0.17346705217786895,6.139240506329114,2024-05-11,13:03,0,0,-1.2213408696599268,-1.2213408696599268,2024-05-13 13:53:00,0.734650544374033,False,False,False,False,False,False,False,False,True,False,False,False,False,False,True,False,False,False,False,False,False,False,False,False,False,True,False,False,False
2024-05-13 13:53:00,2024-05-13 15:15:00,0,Sarasota,Apex,1.5200327337470687,6.139240506329114,2024-05-13,13:53,0,0,1.3562589001207948,1.3562589001207948,2024-05-16 19:52:00,1.7290164307180844,False,False,False,False,False,False,False,False,True,False,False,False,False,True,False,False,False,False,False,False,False,False,False,False,False,False,True,False,False
2024-05-16 19:52:00,2024-05-16 20:25:00,0,Palm Beach,Miami,-1.0185746987194557,6.139240506329114,2024-05-16,19:52,1,0,-0.6485409208197664,-0.6485409208197664,2024-05-20 03:39:00,1.8216115933254486,False,False,False,False,False,False,False,False,True,False,False,False,False,False,False,False,True,False,False,False,False,False,False,False,False,False,False,True,False
2024-05-23 07:31:00,2024-05-23 08:36:00,0,Raleigh,Daytona Beach,-1.0847992404359736,6.139240506329114,2024-05-23,07:31,0,0,0.6607161051006001,0.6607161051006001,2024-05-23 21:35:00,-0.5227563771476266,False,False,False,False,False,False,False,False,True,False,False,False,False,False,False,False,True,False,False,False,True,False,False,False,False,False,False,False,False
2024-05-23 21:35:00,2024-05-23 22:07:00,0,Wilmington,Latta,2.579625401211357,6.139240506329114,2024-05-23,21:35,1,0,-0.6894552028797779,-0.6894552028797779,2024-05-27 04:26:00,1.7891737975075823,False,False,False,False,False,False,False,False,True,False,False,False,False,False,False,False,True,False,False,False,False,False,False,True,False,False,False,False,False
2024-05-27 04:26:00,2024-05-27 05:14:00,0,Elizabeth,Berkeley Heights,-0.24595504536007864,6.139240506329114,2024-05-27,04:26,1,0,-0.03482668991959464,-0.03482668991959464,2024-05-27 05:53:00,-0.9591921754243752,False,False,False,False,False,False,False,False,True,False,False,False,False,True,False,False,False,False,False,False,True,False,False,False,False,False,False,False,False
2024-05-27 05:53:00,2024-05-27 06:20:00,0,Durham,Winter Park,-0.06935626744936373,6.139240506329114,2024-05-27,05:53,1,0,-0.8940266131798351,-0.8940266131798351,2024-05-28 01:19:00,-0.31043625906704614,False,False,False,False,False,False,False,False,True,False,False,False,False,True,False,False,False,False,False,False,False,False,False,False,False,False,False,False,True
2024-05-28 01:19:00,2024-05-28 02:13:00,1,Morrisville,West Palm Beach,0.2176167466555477,7.085714285714285,2024-05-28,01:19,1,0,0.21065900244047409,0.21065900244047409,2024-05-28 02:34:00,-0.9698081813284042,False,False,False,False,False,False,False,False,True,False,False,False,False,False,False,False,False,True,False,False,False,False,True,False,False,False,False,False,False
2024-05-28 02:34:00,2024-05-28 03:52:00,0,Miami,Boca Raton,0.23969159389438696,6.139240506329114,2024-05-28,02:34,1,0,1.192601771880749,1.192601771880749,2024-05-31 14:59:00,1.9590298919720466,False,False,False,False,False,False,False,False,True,False,False,False,False,False,False,False,False,True,False,False,False,False,False,False,False,False,False,False,True
2024-05-31 14:59:00,2024-05-31 15:37:00,1,Boca Raton,Apex,0.8357124693430492,7.085714285714285,2024-05-31,14:59,0,0,-0.4439695105197092,-0.4439695105197092,2024-06-02 05:42:00,0.36544945015613484,False,False,False,False,False,False,False,False,True,False,False,False,True,False,False,False,False,False,False,False,False,False,False,False,False,False,False,True,False
2024-06-02 05:42:00,2024-06-02 05:48:00,0,Apex,Latta,-0.22388019812123916,6.139240506329114,2024-06-02,05:42,1,0,-1.7532265364400756,-1.7532265364400756,2024-06-02 16:59:00,-0.5864524125718007,False,False,False,False,False,False,True,False,False,False,False,False,False,False,False,True,False,False,False,False,False,False,False,False,False,True,False,False,False
2024-06-02 16:59:00,2024-06-02 17:20:00,0,Apex,Lake Wales,-0.4887783649873113,6.139240506329114,2024-06-02,16:59,0,0,-1.139512305539904,-1.139512305539904,2024-06-03 22:52:00,0.06289328189130775,False,False,False,False,False,False,True,False,False,False,False,False,False,False,False,True,False,False,False,False,False,False,False,False,False,False,False,False,True
2024-06-03 22:52:00,2024-06-04 00:22:00,0,Savannah,Berkeley Heights,-0.6653771428980261,6.139240506329114,2024-06-03,22:52,1,0,1.6835731566008865,1.6835731566008865,2024-06-04 02:40:00,-0.9008041429522156,False,False,False,False,False,False,True,False,False,False,False,False,False,True,False,False,False,False,False,False,False,True,False,False,False,False,False,False,False
2024-06-04 02:40:00,2024-06-04 03:31:00,0,Berkeley Heights,Morrisville,-0.9523501570029375,6.139240506329114,2024-06-04,02:40,1,0,0.08791615626043972,0.08791615626043972,2024-06-04 19:07:00,-0.43016121454026235,False,False,False,False,False,False,True,False,False,False,False,False,False,False,False,False,False,True,False,False,False,False,False,False,True,False,False,False,False
2024-06-04 19:07:00,2024-06-04 19:46:00,0,Savannah,Miami,-0.15765565640472118,6.139240506329114,2024-06-04,19:07,1,0,-0.4030552284596977,-0.4030552284596977,2024-06-08 12:42:00,2.164862450889054,False,False,False,False,False,False,True,False,False,False,False,False,False,False,False,False,False,True,False,False,False,False,False,False,False,False,False,True,False
2024-06-08 12:42:00,2024-06-08 12:52:00,0,Miami,Chapel Hill,0.8577873165818886,6.139240506329114,2024-06-08,12:42,0,0,-1.5895694082000298,-1.5895694082000298,2024-06-12 20:35:00,2.6879956307153727,False,False,False,False,False,False,True,False,False,False,False,False,False,False,True,False,False,False,False,False,False,True,False,False,False,False,False,False,False
2024-06-12 20:35:00,2024-06-12 20:44:00,0,Gainesville,Melbourne,0.5928891497158165,6.139240506329114,2024-06-12,20:35,1,0,-1.6304836902600413,-1.6304836902600413,2024-06-13 07:55:00,-0.5864524125718007,False,False,False,False,False,False,True,False,False,False,False,False,False,False,False,False,False,False,True,False,False,False,False,True,False,False,False,False,False
2024-06-13 07:55:00,2024-06-13 08:27:00,1,Miami,Boca Raton,1.0343860944926033,7.085714285714285,2024-06-13,07:55,0,0,-0.6894552028797779,-0.6894552028797779,2024-06-15 23:05:00,1.2341925999691763,False,False,False,False,False,False,True,False,False,False,False,False,False,False,False,False,True,False,False,False,False,False,True,False,False,False,False,False,False
2024-06-15 23:05:00,2024-06-15 23:24:00,0,Morrisville,Melbourne,-0.599152601181508,6.139240506329114,2024-06-15,23:05,1,0,-1.2213408696599268,-1.2213408696599268,2024-06-19 04:10:00,1.734324433670099,False,False,False,False,False,False,True,False,False,False,False,False,False,False,True,False,False,False,False,False,False,False,False,False,False,False,False,True,False
2024-06-19 04:10:00,2024-06-19 05:24:00,0,Charlotte,Tampa,-0.7095268373757048,6.139240506329114,2024-06-19,04:10,1,0,1.0289446436407033,1.0289446436407033,2024-06-20 16:09:00,0.24749382900025685,False,False,False,False,False,False,True,False,False,False,False,False,False,False,False,False,False,False,True,False,False,False,False,False,False,False,False,True,False
2024-06-20 16:09:00,2024-06-20 17:07:00,0,Jamaica,Durham,1.7628560533743014,6.139240506329114,2024-06-20,16:09,0,0,0.3743161306805199,0.3743161306805199,2024-06-23 10:55:00,1.3462504400672604,False,False,False,False,False,False,True,False,False,False,False,False,False,False,False,False,True,False,False,False,False,False,True,False,False,False,False,False,False
2024-06-23 10:55:00,2024-06-23 12:15:00,0,Daytona Beach,Chapel Hill,-0.9302753097640982,6.139240506329114,2024-06-23,10:55,0,0,1.2744303360007718,1.2744303360007718,2024-06-24 01:46:00,-0.503883477762686,False,False,False,False,False,False,True,False,False,False,False,False,False,False,False,True,False,False,False,False,False,False,False,False,False,False,True,False,False
2024-06-24 01:46:00,2024-06-24 02:22:00,0,Orlando,Miami,-0.7757513790922227,6.139240506329114,2024-06-24,01:46,1,0,-0.525798074639732,-0.525798074639732,2024-06-24 08:09:00,-0.7775405188443231,False,False,False,False,False,False,True,False,False,False,False,False,False,True,False,False,False,False,False,False,False,False,False,False,False,False,False,True,False
2024-06-24 08:09:00,2024-06-24 08:29:00,0,Lake Wales,Fort Pierce,-1.0185746987194557,6.139240506329114,2024-06-24,08:09,0,0,-1.1804265875999154,-1.1804265875999154,2024-06-25 04:56:00,-0.2585357857584598,False,False,False,False,False,False,True,False,False,False,False,False,False,True,False,False,False,False,False,False,False,False,False,False,False,True,False,False,False
2024-06-25 04:56:00,2024-06-25 06:05:00,0,Charlotte,Miami,-0.025206572971685205,6.139240506329114,2024-06-25,04:56,1,0,0.8243732333406459,0.8243732333406459,2024-06-25 05:00:00,-1.0205290984254318,False,False,False,False,False,False,True,False,False,False,False,False,False,False,False,False,False,True,False,False,False,False,False,False,False,True,False,False,False
2024-06-25 05:00:00,2024-06-25 05:05:00,1,Berkeley Heights,Charlotte,-0.2018053508823999,7.085714285714285,2024-06-25,05:00,1,0,-1.794140818500087,-1.794140818500087,2024-06-25 14:06:00,-0.6631235663231214,False,False,False,False,False,False,True,False,False,False,False,False,False,False,False,False,False,True,False,False,False,False,False,False,False,False,False,True,False
2024-06-25 14:06:00,2024-06-25 14:52:00,0,Palm Beach,Charlotte,-0.9964998514806162,6.139240506329114,2024-06-25,14:06,0,0,-0.11665525403961755,-0.11665525403961755,2024-06-27 04:48:00,0.36014144720412034,False,False,False,False,False,False,True,False,False,False,False,False,False,False,False,False,False,True,False,True,False,False,False,False,False,False,False,False,False
2024-06-27 04:48:00,2024-06-27 05:11:00,0,Sarasota,Melbourne,-0.6874519901368654,6.139240506329114,2024-06-27,04:48,1,0,-1.057683741419881,-1.057683741419881,2024-06-28 07:20:00,-0.05683167358190843,False,False,False,False,False,False,True,False,False,False,False,False,False,False,False,False,True,False,False,False,False,False,False,True,False,False,False,False,False
2024-06-28 07:20:00,2024-06-28 07:48:00,0,Lake Wales,Kissimmee,-0.6433022956591867,6.139240506329114,2024-06-28,07:20,0,0,-0.8531123311198238,-0.8531123311198238,2024-06-28 16:00:00,-0.6920226935063115,False,False,False,False,False,False,True,False,False,False,False,False,True,False,False,False,False,False,False,True,False,False,False,False,False,False,False,False,False
2024-06-28 16:00:00,2024-06-28 16:36:00,1,Apex,Chapel Hill,-0.17973050364356044,7.085714285714285,2024-06-28,16:00,0,0,-0.525798074639732,-0.525798074639732,2024-06-29 12:56:00,-0.2626642324989156,False,False,False,False,False,False,True,False,False,False,False,False,True,False,False,False,False,False,False,False,False,False,False,False,True,False,False,False,False
2024-06-29 22:43:00,2024-06-29 23:41:00,0,Durham,Atlanta,1.0343860944926033,6.139240506329114,2024-06-29,22:43,1,0,0.3743161306805199,0.3743161306805199,2024-06-30 18:32:00,-0.31515448391328127,False,False,False,False,False,False,True,False,False,False,False,False,False,False,True,False,False,False,False,True,False,False,False,False,False,False,False,False,False
2024-06-30 18:32:00,2024-06-30 19:44:00,0,Wilmington,Fort Pierce,-0.3342544343154359,6.139240506329114,2024-06-30,18:32,1,0,0.9471160795206802,0.9471160795206802,2024-07-01 07:05:00,-0.5805546315140068,False,False,False,False,False,False,True,False,False,False,False,False,False,False,False,True,False,False,False,False,False,False,True,False,False,False,False,False,False
2024-07-01 07:05:00,2024-07-01 08:11:00,0,West Palm Beach,Boca Raton,0.7474130803876918,6.139240506329114,2024-07-01,07:05,0,0,0.7016303871606115,0.7016303871606115,2024-07-01 11:54:00,-0.8506730039609675,False,False,False,False,False,True,False,False,False,False,False,False,False,True,False,False,False,False,False,False,False,False,False,False,True,False,False,False,False
2024-07-01 11:54:00,2024-07-01 12:36:00,0,Miami,Boca Raton,-0.8861256152864194,6.139240506329114,2024-07-01,11:54,0,0,-0.2803123822796634,-0.2803123822796634,2024-07-03 08:17:00,0.5636148936980099,False,False,False,False,False,True,False,False,False,False,False,False,False,True,False,False,False,False,False,False,False,False,False,False,False,False,False,False,True
2024-07-03 08:17:00,2024-07-03 09:19:00,0,Chapel Hill,Tampa,-0.7978262263310621,6.139240506329114,2024-07-03,08:17,0,0,0.5379732589205657,0.5379732589205657,2024-07-03 13:57:00,-0.818235208143101,False,False,False,False,False,True,False,False,False,False,False,False,False,False,False,False,False,False,True,False,False,False,False,True,False,False,False,False,False
2024-07-07 05:50:00,2024-07-07 06:10:00,0,Charlotte,Gainesville,-0.06935626744936373,6.139240506329114,2024-07-07,05:50,1,0,-1.1804265875999154,-1.1804265875999154,2024-07-07 12:23:00,-0.7622062880940589,False,False,False,False,False,True,False,False,False,False,False,False,False,False,False,True,False,False,False,False,False,False,False,False,False,False,False,True,False
2024-07-07 12:23:00,2024-07-07 12:55:00,0,Winter Park,Morrisville,-0.24595504536007864,6.139240506329114,2024-07-07,12:23,0,0,-0.6894552028797779,-0.6894552028797779,2024-07-09 03:46:00,0.39257924302198677,False,False,False,False,False,True,False,False,False,False,False,False,False,False,False,True,False,False,False,False,False,False,False,False,False,False,False,True,False
2024-07-09 03:46:00,2024-07-09 04:10:00,0,Latta,Lake Wales,0.5708143024769773,6.139240506329114,2024-07-09,03:46,1,0,-1.0167694593598695,-1.0167694593598695,2024-07-09 09:38:00,-0.7887463028541315,False,False,False,False,False,True,False,False,False,False,False,False,False,False,False,False,False,True,False,False,False,True,False,False,False,False,False,False,False
2024-07-09 09:38:00,2024-07-09 10:39:00,0,Lake Wales,Tampa,-0.06935626744936373,6.139240506329114,2024-07-09,09:38,0,0,0.4970589768605543,0.4970589768605543,2024-07-10 18:30:00,0.14487243859464297,False,False,False,False,False,True,False,False,False,False,False,False,False,False,False,False,False,True,False,False,False,False,False,False,False,True,False,False,False
2024-07-10 18:30:00,2024-07-10 19:31:00,0,Savannah,Raleigh,0.2176167466555477,6.139240506329114,2024-07-10,18:30,1,0,0.4970589768605543,0.4970589768605543,2024-07-16 01:25:00,3.4729902895077407,False,False,False,False,False,True,False,False,False,False,False,False,False,False,False,False,False,False,True,False,False,False,False,False,False,False,True,False,False
2024-07-16 01:25:00,2024-07-16 01:57:00,0,Gainesville,Savannah,-0.5550029067038293,6.139240506329114,2024-07-16,01:25,1,0,-0.6894552028797779,-0.6894552028797779,2024-07-16 03:45:00,-0.9184974861255973,False,False,False,False,False,True,False,False,False,False,False,False,False,False,False,False,False,True,False,False,False,True,False,False,False,False,False,False,False
2024-07-16 03:45:00,2024-07-16 05:07:00,0,Daytona Beach,Elizabeth,-1.0847992404359736,6.139240506329114,2024-07-16,03:45,1,0,1.3562589001207948,1.3562589001207948,2024-07-16 20:00:00,-0.4555216730887761,False,False,False,False,False,True,False,False,False,False,False,False,False,False,False,False,False,True,False,False,True,False,False,False,False,False,False,False,False
2024-07-16 20:00:00,2024-07-16 20:56:00,0,Lake Wales,Fort Pierce,-0.6653771428980261,6.139240506329114,2024-07-16,20:00,1,0,0.292487566560497,0.292487566560497,2024-07-17 14:48:00,-0.3499513921542653,False,False,False,False,False,True,False,False,False,False,False,False,False,False,False,False,False,True,False,False,False,False,True,False,False,False,False,False,False
2024-07-17 14:48:00,2024-07-17 15:07:00,0,Kissimmee,Boca Raton,0.19554189941670821,6.139240506329114,2024-07-17,14:48,0,0,-1.2213408696599268,-1.2213408696599268,2024-07-21 15:01:00,2.4113896991048387,False,False,False,False,False,True,False,False,False,False,False,False,False,False,False,False,False,False,True,False,False,False,False,False,False,False,False,True,False
2024-07-21 15:01:00,2024-07-21 16:29:00,0,Daytona Beach,Morrisville,-0.5550029067038293,6.139240506329114,2024-07-21,15:01,0,0,1.6017445924808635,1.6017445924808635,2024-07-21 22:43:00,-0.7616165099882796,False,False,False,False,False,True,False,False,False,False,False,False,False,False,False,True,False,False,False,False,False,False,True,False,False,False,False,False,False
2024-07-21 22:43:00,2024-07-21 23:36:00,0,Boca Raton,Savannah,0.17346705217786895,6.139240506329114,2024-07-21,22:43,1,0,0.16974472038046262,0.16974472038046262,2024-07-24 10:05:00,1.0873378516301082,False,False,False,False,False,True,False,False,False,False,False,False,False,False,False,True,False,False,False,False,False,True,False,False,False,False,False,False,False
2024-07-24 10:05:00,2024-07-24 10:11:00,0,Boca Raton,Miami,-0.11350596192704246,6.139240506329114,2024-07-24,10:05,0,0,-1.7532265364400756,-1.7532265364400756,2024-07-25 06:27:00,-0.2650233449220331,False,False,False,False,False,True,False,False,False,False,False,False,False,False,False,False,False,False,True,False,False,False,True,False,False,False,False,False,False
2024-07-25 06:27:00,2024-07-25 06:52:00,0,Cary,Savannah,2.226427845389928,6.139240506329114,2024-07-25,06:27,0,0,-0.975855177299858,-0.975855177299858,2024-07-25 06:49:00,-0.9839628558671096,False,False,False,False,False,True,False,False,False,False,False,False,False,False,False,False,True,False,False,False,False,False,True,False,False,False,False,False,False
2024-07-25 06:49:00,2024-07-25 07:46:00,0,Elizabeth,Kissimmee,0.41629037180510164,6.139240506329114,2024-07-25,06:49,0,0,0.3334018486205084,0.3334018486205084,2024-07-27 06:00:00,0.6538509438822566,False,False,False,False,False,True,False,False,False,False,False,False,False,False,False,False,True,False,False,False,False,False,False,False,True,False,False,False,False
2024-07-27 06:00:00,2024-07-27 06:20:00,1,Cary,Winter Park,0.06309281598367225,7.085714285714285,2024-07-27,06:00,0,0,-1.1804265875999154,-1.1804265875999154,2024-07-28 07:37:00,-0.08750013508243672,False,False,False,False,False,True,False,False,False,False,False,False,False,False,True,False,False,False,False,False,False,False,False,False,False,False,False,True,False
2024-07-28 07:37:00,2024-07-28 08:15:00,0,Savannah,Winter Park,0.10724251046135097,6.139240506329114,2024-07-28,07:37,0,0,-0.4439695105197092,-0.4439695105197092,2024-07-28 11:22:00,-0.8719050157690255,False,False,False,False,False,True,False,False,False,False,False,False,False,False,False,True,False,False,False,True,False,False,False,False,False,False,False,False,False
2024-07-28 11:22:00,2024-07-28 12:34:00,1,Morrisville,Fort Pierce,0.08516766322251151,7.085714285714285,2024-07-28,11:22,0,0,0.9471160795206802,0.9471160795206802,2024-07-28 18:35:00,-0.7692836253634117,False,False,False,False,False,True,False,False,False,False,False,False,False,False,False,True,False,False,False,False,False,False,False,False,False,False,False,True,False
2024-07-28 18:35:00,2024-07-28 18:50:00,0,Durham,Sarasota,-0.9082004625252589,6.139240506329114,2024-07-28,18:35,1,0,-1.3849979978999727,-1.3849979978999727,2024-07-29 17:20:00,-0.18599307874759485,False,False,False,False,False,True,False,False,False,False,False,False,False,False,False,True,False,False,False,False,False,False,False,True,False,False,False,False,False
2024-07-29 17:20:00,2024-07-29 18:24:00,0,Berkeley Heights,Latta,-0.7536765318533835,6.139240506329114,2024-07-29,17:20,0,0,0.6198018230405886,0.6198018230405886,2024-07-30 11:41:00,-0.37059362585654393,False,False,False,False,False,True,False,False,False,False,False,False,False,True,False,False,False,False,False,False,False,False,False,True,False,False,False,False,False
2024-07-30 11:41:00,2024-07-30 12:14:00,0,Chapel Hill,New York,0.35006583008858366,6.139240506329114,2024-07-30,11:41,0,0,-0.6485409208197664,-0.6485409208197664,2024-07-31 23:03:00,0.2498529414233744,False,False,False,False,False,True,False,False,False,False,False,False,False,False,False,False,False,True,False,False,False,False,False,False,False,False,False,False,True
2024-07-31 23:03:00,2024-07-31 23:49:00,0,Berkeley Heights,Boca Raton,0.41629037180510164,6.139240506329114,2024-07-31,23:03,1,0,-0.11665525403961755,-0.11665525403961755,2024-08-01 07:05:00,-0.7250502674299574,False,False,False,False,False,True,False,False,False,False,False,False,False,False,False,False,False,False,True,False,False,False,False,False,False,False,False,True,False
2024-08-01 07:05:00,2024-08-01 07:26:00,1,Savannah,Miami,1.1006106362091213,7.085714285714285,2024-08-01,07:05,0,0,-1.139512305539904,-1.139512305539904,2024-08-01 15:16:00,-0.7049978118334581,False,True,False,False,False,False,False,False,False,False,False,False,False,False,False,False,True,False,False,False,False,False,False,False,False,False,False,True,False
2024-08-01 15:16:00,2024-08-01 15:25:00,0,Palm Beach,Latta,2.2705775398676065,6.139240506329114,2024-08-01,15:16,0,0,-1.6304836902600413,-1.6304836902600413,2024-08-01 17:59:00,-0.8913676932597454,False,True,False,False,False,False,False,False,False,False,False,False,False,False,False,False,True,False,False,False,True,False,False,False,False,False,False,False,False
2024-08-01 17:59:00,2024-08-01 18:46:00,0,Palm Beach,Lake Wales,-0.7095268373757048,6.139240506329114,2024-08-01,17:59,0,0,-0.0757409719796061,-0.0757409719796061,2024-08-02 02:09:00,-0.7209218206895016,False,True,False,False,False,False,False,False,False,False,False,False,False,False,False,False,True,False,False,False,False,True,False,False,False,False,False,False,False
2024-08-02 02:09:00,2024-08-02 02:32:00,0,Berkeley Heights,Daytona Beach,1.895305136807338,6.139240506329114,2024-08-02,02:09,1,0,-1.057683741419881,-1.057683741419881,2024-08-02 08:14:00,-0.78048940937322,False,True,False,False,False,False,False,False,False,False,False,False,True,False,False,False,False,False,False,False,False,False,False,False,False,False,False,True,False
2024-08-02 08:14:00,2024-08-02 09:28:00,0,Wilmington,Kissimmee,1.851155442329659,6.139240506329114,2024-08-02,08:14,0,0,1.0289446436407033,1.0289446436407033,2024-08-04 11:23:00,0.7841919052595018,False,True,False,False,False,False,False,False,False,False,False,False,True,False,False,False,False,False,False,False,True,False,False,False,False,False,False,False,False
2024-08-04 11:23:00,2024-08-04 11:59:00,1,Apex,New York,2.0056793730015348,7.085714285714285,2024-08-04,11:23,0,0,-0.525798074639732,-0.525798074639732,2024-08-04 17:37:00,-0.7828485217963376,False,True,False,False,False,False,False,False,False,False,False,False,False,False,False,True,False,False,False,False,False,False,False,False,True,False,False,False,False
2024-08-04 17:37:00,2024-08-04 18:35:00,0,Gainesville,Charlotte,0.17346705217786895,6.139240506329114,2024-08-04,17:37,0,0,0.3743161306805199,0.3743161306805199,2024-08-06 02:21:00,0.141923548065746,False,True,False,False,False,False,False,False,False,False,False,False,False,False,False,True,False,False,False,False,False,False,False,False,False,False,False,True,False
2024-08-06 02:21:00,2024-08-06 03:37:00,0,Raleigh,Latta,0.6370388441934951,6.139240506329114,2024-08-06,02:21,1,0,1.110773207760726,1.110773207760726,2024-08-06 22:23:00,-0.31810337444217823,False,True,False,False,False,False,False,False,False,False,False,False,False,False,False,False,False,True,False,False,False,False,False,False,False,True,False,False,False
2024-08-06 22:23:00,2024-08-06 23:42:00,0,Tampa,Jacksonville,-0.8199010735699015,6.139240506329114,2024-08-06,22:23,1,0,1.2335160539407604,1.2335160539407604,2024-08-13 05:50:00,4.330527655310974,False,True,False,False,False,False,False,False,False,False,False,False,False,False,False,False,False,True,False,False,False,False,False,False,False,False,False,True,False
2024-08-13 05:50:00,2024-08-13 07:12:00,0,Apex,Morrisville,-0.24595504536007864,6.139240506329114,2024-08-13,05:50,1,0,1.3562589001207948,1.3562589001207948,2024-08-16 11:26:00,1.7154515342851586,False,True,False,False,False,False,False,False,False,False,False,False,False,False,False,False,False,True,False,False,False,True,False,False,False,False,False,False,False
2024-08-16 11:26:00,2024-08-16 12:41:00,0,Fort Pierce,Jamaica,0.3721406773274231,6.139240506329114,2024-08-16,11:26,0,0,1.0698589257007145,1.0698589257007145,2024-08-16 13:27:00,-0.9550637286839195,False,True,False,False,False,False,False,False,False,False,False,False,True,False,False,False,False,False,False,False,False,False,False,True,False,False,False,False,False
2024-08-16 13:27:00,2024-08-16 14:26:00,0,West Palm Beach,Tampa,-0.13558080916588192,6.139240506329114,2024-08-16,13:27,0,0,0.41523041274053135,0.41523041274053135,2024-08-19 12:34:00,1.4995927475699018,False,True,False,False,False,False,False,False,False,False,False,False,True,False,False,False,False,False,False,False,False,False,False,False,False,False,False,True,False
2024-08-19 12:34:00,2024-08-19 13:14:00,0,Kissimmee,Cary,-0.7095268373757048,6.139240506329114,2024-08-19,12:34,0,0,-0.36214094639968625,-0.36214094639968625,2024-08-19 16:26:00,-0.8689561252401286,False,True,False,False,False,False,False,False,False,False,False,False,False,True,False,False,False,False,False,False,False,False,True,False,False,False,False,False,False
2024-08-19 16:26:00,2024-08-19 17:26:00,0,Raleigh,Tampa,0.5708143024769773,6.139240506329114,2024-08-19,16:26,0,0,0.4561446948005428,0.4561446948005428,2024-08-19 18:29:00,-0.9450375008856698,False,True,False,False,False,False,False,False,False,False,False,False,False,True,False,False,False,False,False,False,True,False,False,False,False,False,False,False,False
2024-08-19 18:29:00,2024-08-19 19:10:00,1,Boca Raton,Gainesville,-0.2680298925989179,7.085714285714285,2024-08-19,18:29,1,0,-0.32122666433967484,-0.32122666433967484,2024-08-21 19:13:00,0.7181367574122101,False,True,False,False,False,False,False,False,False,False,False,False,False,True,False,False,False,False,False,False,False,False,True,False,False,False,False,False,False
2024-08-21 19:13:00,2024-08-21 19:21:00,0,Raleigh,Gainesville,0.06309281598367225,6.139240506329114,2024-08-21,19:13,1,0,-1.6713979723200527,-1.6713979723200527,2024-08-27 02:17:00,3.509556532066063,False,True,False,False,False,False,False,False,False,False,False,False,False,False,False,False,False,False,True,False,False,False,True,False,False,False,False,False,False
2024-08-27 02:17:00,2024-08-27 03:14:00,1,West Palm Beach,Sarasota,-0.8861256152864194,7.085714285714285,2024-08-27,02:17,1,0,0.3334018486205084,0.3334018486205084,2024-08-29 15:51:00,1.1628294491698703,False,True,False,False,False,False,False,False,False,False,False,False,False,False,False,False,False,True,False,False,False,False,False,False,False,False,False,True,False
2024-08-29 15:51:00,2024-08-29 17:04:00,0,Winter Park,Orlando,1.0343860944926033,6.139240506329114,2024-08-29,15:51,0,0,0.9880303615806917,0.9880303615806917,2024-08-29 19:22:00,-0.9008041429522156,False,True,False,False,False,False,False,False,False,False,False,False,False,False,False,False,True,False,False,True,False,False,False,False,False,False,False,False,False
2024-08-29 19:22:00,2024-08-29 20:30:00,0,Kissimmee,Boca Raton,0.2838412883720657,6.139240506329114,2024-08-29,19:22,1,0,0.7834589512806345,0.7834589512806345,2024-08-30 12:57:00,-0.40008253114551345,False,True,False,False,False,False,False,False,False,False,False,False,False,False,False,False,True,False,False,False,False,False,False,False,False,False,True,False,False
2024-08-30 12:57:00,2024-08-30 13:43:00,1,New York,Morrisville,0.1513922049390297,7.085714285714285,2024-08-30,12:57,0,0,-0.11665525403961755,-0.11665525403961755,2024-09-03 12:37:00,2.3760030127580754,False,True,False,False,False,False,False,False,False,False,False,False,True,False,False,False,False,False,False,False,False,False,False,False,False,False,False,True,False
2024-09-03 12:37:00,2024-09-03 13:44:00,1,Latta,Apex,-0.9523501570029375,7.085714285714285,2024-09-03,12:37,0,0,0.742544669220623,0.742544669220623,2024-09-03 21:00:00,-0.7250502674299574,False,False,False,False,False,False,False,False,False,False,False,True,False,False,False,False,False,True,False,False,False,False,False,False,False,False,False,True,False
2024-09-03 21:00:00,2024-09-03 21:51:00,0,Kissimmee,Miami,1.2109848724033179,6.139240506329114,2024-09-03,21:00,1,0,0.08791615626043972,0.08791615626043972,2024-09-05 07:53:00,0.22213337045174306,False,False,False,False,False,False,False,False,False,False,False,True,False,False,False,False,False,True,False,False,True,False,False,False,False,False,False,False,False
2024-09-05 07:53:00,2024-09-05 08:12:00,0,Gainesville,Palm Beach,-0.53292805946499,6.139240506329114,2024-09-05,07:53,0,0,-1.2213408696599268,-1.2213408696599268,2024-09-05 14:33:00,-0.7574880632478238,False,False,False,False,False,False,False,False,False,False,False,True,False,False,False,False,True,False,False,False,False,False,False,False,False,False,False,False,True
2024-09-05 14:33:00,2024-09-05 15:31:00,0,Fort Pierce,Latta,0.04101796874483298,6.139240506329114,2024-09-05,14:33,0,0,0.3743161306805199,0.3743161306805199,2024-09-07 20:15:00,0.8838644051362187,False,False,False,False,False,False,False,False,False,False,False,True,False,False,False,False,True,False,False,True,False,False,False,False,False,False,False,False,False
2024-09-07 20:15:00,2024-09-07 21:22:00,0,Cary,Lake Wales,0.08516766322251151,6.139240506329114,2024-09-07,20:15,1,0,0.742544669220623,0.742544669220623,2024-09-08 13:05:00,-0.4260327677998066,False,False,False,False,False,False,False,False,False,False,False,True,False,False,True,False,False,False,False,False,False,False,False,False,False,False,True,False,False
2024-09-08 13:05:00,2024-09-08 13:29:00,0,Berkeley Heights,Sarasota,-1.0185746987194557,6.139240506329114,2024-09-08,13:05,0,0,-1.0167694593598695,-1.0167694593598695,2024-09-10 00:30:00,0.25693027869272705,False,False,False,False,False,False,False,False,False,False,False,True,False,False,False,True,False,False,False,False,False,False,False,False,False,False,False,False,True
2024-09-10 00:30:00,2024-09-10 01:31:00,1,Winter Park,Raleigh,2.5134008594948396,7.085714285714285,2024-09-10,00:30,1,0,0.4970589768605543,0.4970589768605543,2024-09-12 22:09:00,1.4465127180497568,False,False,False,False,False,False,False,False,False,False,False,True,False,False,False,False,False,True,False,False,False,False,True,False,False,False,False,False,False
2024-09-12 22:09:00,2024-09-12 23:09:00,0,Apex,Savannah,2.0277542202403738,6.139240506329114,2024-09-12,22:09,1,0,0.4561446948005428,0.4561446948005428,2024-09-14 11:36:00,0.30765119578975464,False,False,False,False,False,False,False,False,False,False,False,True,False,False,False,False,True,False,False,True,False,False,False,False,False,False,False,False,False
2024-09-14 11:36:00,2024-09-14 11:44:00,0,New York,Savannah,1.851155442329659,6.139240506329114,2024-09-14,11:36,0,0,-1.6713979723200527,-1.6713979723200527,2024-09-15 23:24:00,0.2799316248181233,False,False,False,False,False,False,False,False,False,False,False,True,False,False,True,False,False,False,False,True,False,False,False,False,False,False,False,False,False
2024-09-15 23:24:00,2024-09-15 23:30:00,1,Savannah,Boca Raton,0.5045897607604591,7.085714285714285,2024-09-15,23:24,1,0,-1.7532265364400756,-1.7532265364400756,2024-09-16 02:07:00,-0.8895983589424072,False,False,False,False,False,False,False,False,False,False,False,True,False,False,False,True,False,False,False,False,False,False,False,False,False,False,False,True,False
2024-09-16 02:07:00,2024-09-16 02:51:00,0,Orlando,West Palm Beach,-0.53292805946499,6.139240506329114,2024-09-16,02:07,1,0,-0.19848381815964045,-0.19848381815964045,2024-09-16 23:48:00,-0.24084244258507811,False,False,False,False,False,False,False,False,False,False,False,True,False,True,False,False,False,False,False,True,False,False,False,False,False,False,False,False,False
2024-09-16 23:48:00,2024-09-17 00:07:00,0,Apex,Sarasota,-1.1510237821524916,6.139240506329114,2024-09-16,23:48,1,0,-1.2213408696599268,-1.2213408696599268,2024-09-18 07:12:00,0.11774264572879102,False,False,False,False,False,False,False,False,False,False,False,True,False,True,False,False,False,False,False,False,False,False,False,True,False,False,False,False,False
2024-09-18 07:12:00,2024-09-18 07:50:00,0,Jamaica,Miami,-0.0031317257328457434,6.139240506329114,2024-09-18,07:12,0,0,-0.4439695105197092,-0.4439695105197092,2024-09-18 20:54:00,-0.5198074866187297,False,False,False,False,False,False,False,False,False,False,False,True,False,False,False,False,False,False,True,False,True,False,False,False,False,False,False,False,False
2024-09-18 20:54:00,2024-09-18 22:12:00,0,Daytona Beach,Jacksonville,0.3942155245662624,6.139240506329114,2024-09-18,20:54,1,0,1.192601771880749,1.192601771880749,2024-09-19 09:18:00,-0.5894013031006976,False,False,False,False,False,False,False,False,False,False,False,True,False,False,False,False,False,False,True,False,False,False,False,False,False,False,True,False,False
2024-09-19 09:18:00,2024-09-19 09:50:00,0,Jacksonville,Cary,-0.17973050364356044,6.139240506329114,2024-09-19,09:18,0,0,-0.6894552028797779,-0.6894552028797779,2024-09-20 03:47:00,-0.34700250162536833,False,False,False,False,False,False,False,False,False,False,False,True,False,False,False,False,True,False,False,False,False,False,False,False,True,False,False,False,False
2024-09-20 03:47:00,2024-09-20 05:01:00,0,Latta,Orlando,-0.7978262263310621,6.139240506329114,2024-09-20,03:47,1,0,1.0289446436407033,1.0289446436407033,2024-09-20 18:03:00,-0.5209870428302884,False,False,False,False,False,False,False,False,False,False,False,True,True,False,False,False,False,False,False,False,False,True,False,False,False,False,False,False,False
2024-09-20 18:03:00,2024-09-20 18:59:00,0,Atlanta,New York,-0.11350596192704246,6.139240506329114,2024-09-20,18:03,1,0,0.292487566560497,0.292487566560497,2024-09-21 04:42:00,-0.6383528858803871,False,False,False,False,False,False,False,False,False,False,False,True,True,False,False,False,False,False,False,False,False,True,False,False,False,False,False,False,False
2024-09-21 04:42:00,2024-09-21 05:01:00,0,Daytona Beach,Palm Beach,0.8798621638207278,6.139240506329114,2024-09-21,04:42,1,0,-1.2213408696599268,-1.2213408696599268,2024-09-23 08:06:00,0.825476372664059,False,False,False,False,False,False,False,False,False,False,False,True,False,False,True,False,False,False,False,False,False,False,True,False,False,False,False,False,False
2024-09-23 08:06:00,2024-09-23 08:17:00,1,Chapel Hill,Atlanta,0.2617664411332264,7.085714285714285,2024-09-23,08:06,0,0,-1.5486551261400183,-1.5486551261400183,2024-09-24 01:06:00,-0.38710741281836686,False,False,False,False,False,False,False,False,False,False,False,True,False,True,False,False,False,False,False,False,False,False,False,False,False,False,False,True,False
2024-09-24 01:06:00,2024-09-24 01:11:00,1,Daytona Beach,Raleigh,-0.6433022956591867,7.085714285714285,2024-09-24,01:06,1,0,-1.794140818500087,-1.794140818500087,2024-09-24 06:08:00,-0.8070294241332926,False,False,False,False,False,False,False,False,False,False,False,True,False,False,False,False,False,True,False,False,False,False,False,False,True,False,False,False,False
2024-09-24 06:08:00,2024-09-24 07:24:00,0,Chapel Hill,Daytona Beach,-0.8861256152864194,6.139240506329114,2024-09-24,06:08,0,0,1.110773207760726,1.110773207760726,2024-09-24 10:56:00,-0.8571605631245407,False,False,False,False,False,False,False,False,False,False,False,True,False,False,False,False,False,True,False,False,True,False,False,False,False,False,False,False,False
2024-09-24 10:56:00,2024-09-24 11:39:00,0,Berkeley Heights,Winter Park,-0.8199010735699015,6.139240506329114,2024-09-24,10:56,0,0,-0.2393981002196519,-0.2393981002196519,2024-09-26 09:30:00,0.6402860474493306,False,False,False,False,False,False,False,False,False,False,False,True,False,False,False,False,False,True,False,False,False,False,False,False,False,False,False,False,True
2024-09-26 09:30:00,2024-09-26 10:38:00,0,Chapel Hill,Daytona Beach,-0.9964998514806162,6.139240506329114,2024-09-26,09:30,0,0,0.7834589512806345,0.7834589512806345,2024-09-26 12:33:00,-0.9143690393851416,False,False,False,False,False,False,False,False,False,False,False,True,False,False,False,False,True,False,False,True,False,False,False,False,False,False,False,False,False
2024-09-26 12:33:00,2024-09-26 13:16:00,1,Lake Wales,Chapel Hill,-0.9082004625252589,7.085714285714285,2024-09-26,12:33,0,0,-0.2393981002196519,-0.2393981002196519,2024-09-27 10:29:00,-0.23140599289260788,False,False,False,False,False,False,False,False,False,False,False,True,False,False,False,False,True,False,False,False,False,False,False,False,True,False,False,False,False
2024-09-27 10:29:00,2024-09-27 11:23:00,0,New York,Jacksonville,0.19554189941670821,6.139240506329114,2024-09-27,10:29,0,0,0.21065900244047409,0.21065900244047409,2024-09-27 12:42:00,-0.9356010511931996,False,False,False,False,False,False,False,False,False,False,False,True,True,False,False,False,False,False,False,False,False,False,False,True,False,False,False,False,False
2024-09-27 12:42:00,2024-09-27 13:58:00,0,New York,Gainesville,2.557550553972518,6.139240506329114,2024-09-27,12:42,0,0,1.110773207760726,1.110773207760726,2024-09-27 18:27:00,-0.8235432110951155,False,False,False,False,False,False,False,False,False,False,False,True,True,False,False,False,False,False,False,False,False,True,False,False,False,False,False,False,False
2024-09-27 18:27:00,2024-09-27 19:09:00,0,Raleigh,Miami,0.7474130803876918,6.139240506329114,2024-09-27,18:27,1,0,-0.2803123822796634,-0.2803123822796634,2024-09-27 21:09:00,-0.9114201488562447,False,False,False,False,False,False,False,False,False,False,False,True,True,False,False,False,False,False,False,False,False,False,False,True,False,False,False,False,False
2024-09-27 21:09:00,2024-09-27 21:44:00,0,Wilmington,Daytona Beach,1.7407812061354622,6.139240506329114,2024-09-27,21:09,1,0,-0.5667123566997435,-0.5667123566997435,2024-09-30 00:19:00,0.8077830294906774,False,False,False,False,False,False,False,False,False,False,False,True,True,False,False,False,False,False,False,False,False,False,False,True,False,False,False,False,False
2024-09-30 00:19:00,2024-09-30 01:22:00,0,Atlanta,Palm Beach,-1.1068740876748129,6.139240506329114,2024-09-30,00:19,1,0,0.5788875409805772,0.5788875409805772,2024-09-30 15:05:00,-0.49680614049333344,False,False,False,False,False,False,False,False,False,False,False,True,False,True,False,False,False,False,False,False,False,False,False,True,False,False,False,False,False
2024-09-30 15:05:00,2024-09-30 15:18:00,0,Daytona Beach,Boca Raton,-1.1289489349136523,6.139240506329114,2024-09-30,15:05,0,0,-1.4668265620199956,-1.4668265620199956,2024-10-01 21:33:00,0.08825374043982152,False,False,False,False,False,False,False,False,False,False,False,True,False,True,False,False,False,False,False,False,False,False,False,True,False,False,False,False,False
2024-10-01 21:33:00,2024-10-01 22:58:00,0,Savannah,West Palm Beach,-0.37840412879311464,6.139240506329114,2024-10-01,21:33,1,0,1.4790017463008291,1.4790017463008291,2024-10-02 15:39:00,-0.391825637664602,False,False,False,False,False,False,False,False,False,False,True,False,False,False,False,False,False,True,False,False,False,False,False,False,False,True,False,False,False
2024-10-02 15:39:00,2024-10-02 16:04:00,0,Melbourne,Raleigh,-0.15765565640472118,6.139240506329114,2024-10-02,15:39,0,0,-0.975855177299858,-0.975855177299858,2024-10-06 02:55:00,1.9495934422795764,False,False,False,False,False,False,False,False,False,False,True,False,False,False,False,False,False,False,True,False,False,False,False,False,False,False,True,False,False
2024-10-06 02:55:00,2024-10-06 04:02:00,1,Orlando,Cary,-1.0185746987194557,7.085714285714285,2024-10-06,02:55,1,0,0.742544669220623,0.742544669220623,2024-10-09 19:26:00,2.11060286515735,False,False,False,False,False,False,False,False,False,False,True,False,False,False,False,True,False,False,False,False,False,False,False,False,True,False,False,False,False
2024-10-09 19:26:00,2024-10-09 20:14:00,0,Gainesville,Kissimmee,0.2838412883720657,6.139240506329114,2024-10-09,19:26,1,0,-0.03482668991959464,-0.03482668991959464,2024-10-10 03:28:00,-0.7262298236415161,False,False,False,False,False,False,False,False,False,False,True,False,False,False,False,False,False,False,True,False,False,False,False,False,False,True,False,False,False
2024-10-10 03:28:00,2024-10-10 03:39:00,0,West Palm Beach,Raleigh,-0.7536765318533835,6.139240506329114,2024-10-10,03:28,1,0,-1.5486551261400183,-1.5486551261400183,2024-10-12 06:21:00,0.8119114762311331,False,False,False,False,False,False,False,False,False,False,True,False,False,False,False,False,True,False,False,False,False,False,False,False,False,True,False,False,False
2024-10-12 06:21:00,2024-10-12 07:07:00,0,Cary,Palm Beach,-0.9082004625252589,6.139240506329114,2024-10-12,06:21,0,0,-0.11665525403961755,-0.11665525403961755,2024-10-12 07:17:00,-0.9762957404919775,False,False,False,False,False,False,False,False,False,False,True,False,False,False,True,False,False,False,False,False,False,False,False,False,False,False,True,False,False
2024-10-12 07:17:00,2024-10-12 08:31:00,0,Morrisville,Gainesville,-0.8861256152864194,6.139240506329114,2024-10-12,07:17,0,0,1.0289446436407033,1.0289446436407033,2024-10-13 20:17:00,0.2834702934527996,False,False,False,False,False,False,False,False,False,False,True,False,False,False,True,False,False,False,False,False,False,False,False,True,False,False,False,False,False
2024-10-13 20:17:00,2024-10-13 21:23:00,0,Daytona Beach,Berkeley Heights,-0.9523501570029375,6.139240506329114,2024-10-13,20:17,1,0,0.7016303871606115,0.7016303871606115,2024-10-14 10:07:00,-0.5316030487343174,False,False,False,False,False,False,False,False,False,False,True,False,False,False,False,True,False,False,False,False,False,False,False,False,False,False,False,True,False
2024-10-14 10:07:00,2024-10-14 10:24:00,1,Tampa,Kissimmee,-1.0185746987194557,7.085714285714285,2024-10-14,10:07,0,0,-1.3031694337799498,-1.3031694337799498,2024-10-14 18:19:00,-0.7020489213045612,False,False,False,False,False,False,False,False,False,False,True,False,False,True,False,False,False,False,False,False,False,False,True,False,False,False,False,False,False
2024-10-14 18:19:00,2024-10-14 19:45:00,1,Sarasota,Berkeley Heights,-0.22388019812123916,7.085714285714285,2024-10-14,18:19,1,0,1.5199160283608406,1.5199160283608406,2024-10-15 03:28:00,-0.7091262585739139,False,False,False,False,False,False,False,False,False,False,True,False,False,True,False,False,False,False,False,False,False,False,False,False,True,False,False,False,False
2024-10-15 03:28:00,2024-10-15 04:58:00,0,Cary,Miami,-0.3121795870765966,6.139240506329114,2024-10-15,03:28,1,0,1.6835731566008865,1.6835731566008865,2024-10-15 06:26:00,-0.9302930482411851,False,False,False,False,False,False,False,False,False,False,True,False,False,False,False,False,False,True,False,True,False,False,False,False,False,False,False,False,False
2024-10-15 06:26:00,2024-10-15 06:50:00,1,Chapel Hill,Morrisville,0.2176167466555477,7.085714285714285,2024-10-15,06:26,0,0,-1.0167694593598695,-1.0167694593598695,2024-10-15 12:09:00,-0.794054305806146,False,False,False,False,False,False,False,False,False,False,True,False,False,False,False,False,False,True,False,False,False,False,False,False,True,False,False,False,False
2024-10-15 12:09:00,2024-10-15 13:22:00,1,Kissimmee,Gainesville,-0.7978262263310621,7.085714285714285,2024-10-15,12:09,0,0,0.9880303615806917,0.9880303615806917,2024-10-16 04:04:00,-0.4620092322523494,False,False,False,False,False,False,False,False,False,False,True,False,False,False,False,False,False,True,False,False,False,False,True,False,False,False,False,False,False
2024-10-16 04:04:00,2024-10-16 04:56:00,0,West Palm Beach,Orlando,1.6304069699412655,6.139240506329114,2024-10-16,04:04,1,0,0.12883043832045118,0.12883043832045118,2024-10-17 02:40:00,-0.21312287161344678,False,False,False,False,False,False,False,False,False,False,True,False,False,False,False,False,False,False,True,False,False,False,True,False,False,False,False,False,False
2024-10-17 02:40:00,2024-10-17 03:40:00,0,Melbourne,Sarasota,-1.1068740876748129,6.139240506329114,2024-10-17,02:40,1,0,0.4561446948005428,0.4561446948005428,2024-10-17 21:24:00,-0.3546696170005004,False,False,False,False,False,False,False,False,False,False,True,False,False,False,False,False,True,False,False,True,False,False,False,False,False,False,False,False,False
2024-10-17 21:24:00,2024-10-17 22:38:00,0,Gainesville,Jacksonville,-0.4225538232707933,6.139240506329114,2024-10-17,21:24,1,0,1.0289446436407033,1.0289446436407033,2024-10-19 08:31:00,0.21682536749972856,False,False,False,False,False,False,False,False,False,False,True,False,False,False,False,False,True,False,False,False,True,False,False,False,False,False,False,False,False
2024-10-19 08:31:00,2024-10-19 09:38:00,0,Winter Park,Boca Raton,0.32799098284974443,6.139240506329114,2024-10-19,08:31,0,0,0.742544669220623,0.742544669220623,2024-10-19 14:53:00,-0.7964134182292636,False,False,False,False,False,False,False,False,False,False,True,False,False,False,True,False,False,False,False,False,False,False,False,False,False,False,True,False,False
2024-10-19 14:53:00,2024-10-19 15:47:00,1,Melbourne,Daytona Beach,1.012311247253764,7.085714285714285,2024-10-19,14:53,0,0,0.21065900244047409,0.21065900244047409,2024-10-20 07:26:00,-0.4283918802229242,False,False,False,False,False,False,False,False,False,False,True,False,False,False,True,False,False,False,False,False,False,False,False,False,False,False,False,True,False
2024-10-20 07:26:00,2024-10-20 08:27:00,0,Raleigh,Wilmington,-0.4446286705096326,6.139240506329114,2024-10-20,07:26,0,0,0.4970589768605543,0.4970589768605543,2024-10-20 10:29:00,-0.9102405926446858,False,False,False,False,False,False,False,False,False,False,True,False,False,False,False,True,False,False,False,False,False,False,True,False,False,False,False,False,False
2024-10-20 10:29:00,2024-10-20 11:58:00,0,Tampa,Jamaica,-0.53292805946499,6.139240506329114,2024-10-20,10:29,0,0,1.642658874540875,1.642658874540875,2024-10-21 19:48:00,0.14428266048886357,False,False,False,False,False,False,False,False,False,False,True,False,False,False,False,True,False,False,False,False,False,False,False,False,True,False,False,False,False
2024-10-21 19:48:00,2024-10-21 21:16:00,0,Apex,Charlotte,0.7915627748653707,6.139240506329114,2024-10-21,19:48,1,0,1.6017445924808635,1.6017445924808635,2024-10-23 18:29:00,0.6178744794297137,False,False,False,False,False,False,False,False,False,False,True,False,False,True,False,False,False,False,False,False,False,True,False,False,False,False,False,False,False
2024-10-23 18:29:00,2024-10-23 19:06:00,0,Fort Pierce,Berkeley Heights,-0.0031317257328457434,6.139240506329114,2024-10-23,18:29,1,0,-0.48488379257972064,-0.48488379257972064,2024-10-24 03:47:00,-0.6749191284387092,False,False,False,False,False,False,False,False,False,False,True,False,False,False,False,False,False,False,True,False,False,False,False,False,False,True,False,False,False
2024-10-24 03:47:00,2024-10-24 05:02:00,0,Chapel Hill,Savannah,2.336802081584125,6.139240506329114,2024-10-24,03:47,1,0,1.0698589257007145,1.0698589257007145,2024-10-24 07:51:00,-0.8825210216730545,False,False,False,False,False,False,False,False,False,False,True,False,False,False,False,False,True,False,False,False,False,False,False,True,False,False,False,False,False
2024-10-24 07:51:00,2024-10-24 09:09:00,0,Latta,Boca Raton,1.5641824282247476,6.139240506329114,2024-10-24,07:51,0,0,1.192601771880749,1.192601771880749,2024-10-25 00:59:00,-0.4219043210593509,False,False,False,False,False,False,False,False,False,False,True,False,False,False,False,False,True,False,False,False,False,False,False,False,False,False,True,False,False
2024-10-25 00:59:00,2024-10-25 02:23:00,0,Fort Pierce,Tampa,1.0564609417314428,6.139240506329114,2024-10-25,00:59,1,0,1.4380874642408177,1.4380874642408177,2024-10-25 10:50:00,-0.6831760219196207,False,False,False,False,False,False,False,False,False,False,True,False,True,False,False,False,False,False,False,False,False,False,True,False,False,False,False,False,False
2024-10-25 10:50:00,2024-10-25 11:04:00,0,Kissimmee,Sarasota,-1.1068740876748129,6.139240506329114,2024-10-25,10:50,0,0,-1.4259122799599842,-1.4259122799599842,2024-10-25 11:51:00,-0.9544739505781401,False,False,False,False,False,False,False,False,False,False,True,False,True,False,False,False,False,False,False,False,False,False,False,False,False,False,False,True,False
2024-10-25 11:51:00,2024-10-25 13:18:00,0,Raleigh,Elizabeth,-0.8640507680475802,6.139240506329114,2024-10-25,11:51,0,0,1.560830310420852,1.560830310420852,2024-10-25 23:00:00,-0.6389426639861664,False,False,False,False,False,False,False,False,False,False,True,False,True,False,False,False,False,False,False,False,False,False,False,False,False,False,False,False,True
2024-10-25 23:00:00,2024-10-26 00:19:00,1,Wilmington,Atlanta,0.17346705217786895,7.085714285714285,2024-10-25,23:00,1,0,1.2335160539407604,1.2335160539407604,2024-10-27 00:02:00,-0.1429392770256994,False,False,False,False,False,False,False,False,False,False,True,False,True,False,False,False,False,False,False,False,False,False,False,False,True,False,False,False,False
2024-10-27 00:02:00,2024-10-27 00:45:00,1,Charlotte,Winter Park,-0.599152601181508,7.085714285714285,2024-10-27,00:02,1,0,-0.2393981002196519,-0.2393981002196519,2024-10-28 08:50:00,0.15312933207555443,False,False,False,False,False,False,False,False,False,False,True,False,False,False,False,True,False,False,False,False,False,False,False,False,True,False,False,False,False
2024-10-28 08:50:00,2024-10-28 09:02:00,0,Charlotte,Lake Wales,-0.6653771428980261,6.139240506329114,2024-10-28,08:50,0,0,-1.507740844080007,-1.507740844080007,2024-10-29 13:54:00,0.03930215766013215,False,False,False,False,False,False,False,False,False,False,True,False,False,True,False,False,False,False,False,False,False,False,False,False,False,False,True,False,False
2024-10-29 13:54:00,2024-10-29 14:20:00,0,Berkeley Heights,Melbourne,-0.5550029067038293,6.139240506329114,2024-10-29,13:54,0,0,-0.9349408952398466,-0.9349408952398466,2024-10-30 12:20:00,-0.20368642192097655,False,False,False,False,False,False,False,False,False,False,True,False,False,False,False,False,False,True,False,False,False,False,False,False,False,True,False,False,False
2024-10-30 12:20:00,2024-10-30 12:58:00,0,Tampa,Cary,0.08516766322251151,6.139240506329114,2024-10-30,12:20,0,0,-0.4439695105197092,-0.4439695105197092,2024-10-30 22:41:00,-0.6383528858803871,False,False,False,False,False,False,False,False,False,False,True,False,False,False,False,False,False,False,True,True,False,False,False,False,False,False,False,False,False
2024-10-30 22:41:00,2024-10-30 22:51:00,0,Jacksonville,Latta,2.645849942927875,6.139240506329114,2024-10-30,22:41,1,0,-1.5895694082000298,-1.5895694082000298,2024-10-31 04:12:00,-0.7928747495945873,False,False,False,False,False,False,False,False,False,False,True,False,False,False,False,False,False,False,True,True,False,False,False,False,False,False,False,False,False
2024-10-31 04:12:00,2024-10-31 05:41:00,0,Tampa,Fort Pierce,-0.6433022956591867,6.139240506329114,2024-10-31,04:12,1,0,1.642658874540875,1.642658874540875,2024-11-01 18:51:00,0.3330116543382684,False,False,False,False,False,False,False,False,False,False,True,False,False,False,False,False,True,False,False,False,False,True,False,False,False,False,False,False,False
2024-11-01 18:51:00,2024-11-01 19:09:00,0,Wilmington,Morrisville,1.4758830392693902,6.139240506329114,2024-11-01,18:51,1,0,-1.2622551517199383,-1.2622551517199383,2024-11-01 23:05:00,-0.8430058885858354,False,False,False,False,False,False,False,False,False,True,False,False,True,False,False,False,False,False,False,False,False,False,False,False,False,False,True,False,False
2024-11-01 23:05:00,2024-11-02 00:30:00,0,Raleigh,Jamaica,0.04101796874483298,6.139240506329114,2024-11-01,23:05,1,0,1.4790017463008291,1.4790017463008291,2024-11-02 19:11:00,-0.3210522649710752,False,False,False,False,False,False,False,False,False,True,False,False,True,False,False,False,False,False,False,False,False,False,False,True,False,False,False,False,False
2024-11-02 19:11:00,2024-11-02 19:46:00,0,Elizabeth,Boca Raton,1.3875836503140329,6.139240506329114,2024-11-02,19:11,1,0,-0.5667123566997435,-0.5667123566997435,2024-11-03 14:42:00,-0.3122055933843843,False,False,False,False,False,False,False,False,False,True,False,False,False,False,True,False,False,False,False,False,False,False,False,False,False,False,True,False,False
2024-11-03 14:42:00,2024-11-03 15:41:00,0,Durham,Tampa,-0.5550029067038293,6.139240506329114,2024-11-03,14:42,0,0,0.41523041274053135,0.41523041274053135,2024-11-07 05:44:00,2.0628308385892193,False,False,False,False,False,False,False,False,False,True,False,False,False,False,False,True,False,False,False,True,False,False,False,False,False,False,False,False,False
2024-11-07 05:44:00,2024-11-07 06:48:00,0,Orlando,Lake Wales,-0.7757513790922227,6.139240506329114,2024-11-07,05:44,1,0,0.6198018230405886,0.6198018230405886,2024-11-07 13:22:00,-0.7498209478726917,False,False,False,False,False,False,False,False,False,True,False,False,False,False,False,False,True,False,False,False,False,False,True,False,False,False,False,False,False
2024-11-07 13:22:00,2024-11-07 14:52:00,1,Palm Beach,Elizabeth,-0.9964998514806162,7.085714285714285,2024-11-07,13:22,0,0,1.6835731566008865,1.6835731566008865,2024-11-11 00:23:00,1.9024111938172252,False,False,False,False,False,False,False,False,False,True,False,False,False,False,False,False,True,False,False,False,False,False,True,False,False,False,False,False,False
2024-11-11 00:23:00,2024-11-11 01:40:00,1,Gainesville,Jamaica,-0.53292805946499,7.085714285714285,2024-11-11,00:23,1,0,1.1516874898207374,1.1516874898207374,2024-11-12 21:53:00,0.5824877930829504,False,False,False,False,False,False,False,False,False,True,False,False,False,True,False,False,False,False,False,False,False,False,False,False,True,False,False,False,False
2024-11-12 21:53:00,2024-11-12 22:06:00,1,New York,Miami,2.7782990263609117,7.085714285714285,2024-11-12,21:53,1,0,-1.4668265620199956,-1.4668265620199956,2024-11-13 20:15:00,-0.19837841896896205,False,False,False,False,False,False,False,False,False,True,False,False,False,False,False,False,False,True,False,False,False,False,True,False,False,False,False,False,False
2024-11-13 20:15:00,2024-11-13 20:50:00,0,Charlotte,Kissimmee,-1.1068740876748129,6.139240506329114,2024-11-13,20:15,1,0,-0.5667123566997435,-0.5667123566997435,2024-11-14 15:57:00,-0.305718034220811,False,False,False,False,False,False,False,False,False,True,False,False,False,False,False,False,False,False,True,False,False,False,False,True,False,False,False,False,False
2024-11-14 15:57:00,2024-11-14 16:31:00,0,Durham,Lake Wales,-0.6212274484203474,6.139240506329114,2024-11-14,15:57,0,0,-0.607626638759755,-0.607626638759755,2024-11-15 00:12:00,-0.7103058147854726,False,False,False,False,False,False,False,False,False,True,False,False,False,False,False,False,True,False,False,False,False,False,False,True,False,False,False,False,False
2024-11-15 00:12:00,2024-11-15 00:51:00,0,Morrisville,Melbourne,-0.5108532122261507,6.139240506329114,2024-11-15,00:12,1,0,-0.4030552284596977,-0.4030552284596977,2024-11-15 08:40:00,-0.7055875899392375,False,False,False,False,False,False,False,False,False,True,False,False,True,False,False,False,False,False,False,False,False,False,False,False,True,False,False,False,False
2024-11-15 08:40:00,2024-11-15 09:47:00,0,Tampa,Atlanta,-0.17973050364356044,6.139240506329114,2024-11-15,08:40,0,0,0.742544669220623,0.742544669220623,2024-11-16 02:28:00,-0.391825637664602,False,False,False,False,False,False,False,False,False,True,False,False,True,False,False,False,False,False,False,False,True,False,False,False,False,False,False,False,False
2024-11-16 02:28:00,2024-11-16 03:45:00,1,Jamaica,Morrisville,-0.2018053508823999,7.085714285714285,2024-11-16,02:28,1,0,1.1516874898207374,1.1516874898207374,2024-11-17 08:06:00,0.021019036380971055,False,False,False,False,False,False,False,False,False,True,False,False,False,False,True,False,False,False,False,False,False,False,False,False,False,False,False,True,False
2024-11-17 20:06:00,2024-11-17 21:09:00,0,Elizabeth,Daytona Beach,0.4604400662827804,6.139240506329114,2024-11-17,20:06,1,0,0.5788875409805772,0.5788875409805772,2024-11-19 02:05:00,0.041661270083249706,False,False,False,False,False,False,False,False,False,True,False,False,False,False,False,True,False,False,False,True,False,False,False,False,False,False,False,False,False
2024-11-19 02:05:00,2024-11-19 03:03:00,0,Morrisville,Fort Pierce,-0.7978262263310621,6.139240506329114,2024-11-19,02:05,1,0,0.3743161306805199,0.3743161306805199,2024-11-19 18:52:00,-0.42249409916513025,False,False,False,False,False,False,False,False,False,True,False,False,False,False,False,False,False,True,False,False,False,False,False,False,False,True,False,False,False
2024-11-19 18:52:00,2024-11-19 18:57:00,0,Raleigh,Chapel Hill,0.7915627748653707,6.139240506329114,2024-11-19,18:52,1,0,-1.794140818500087,-1.794140818500087,2024-11-20 02:59:00,-0.6979204745641054,False,False,False,False,False,False,False,False,False,True,False,False,False,False,False,False,False,True,False,False,False,False,False,True,False,False,False,False,False
2024-11-20 02:59:00,2024-11-20 03:51:00,0,Raleigh,New York,1.078535788970282,6.139240506329114,2024-11-20,02:59,1,0,0.12883043832045118,0.12883043832045118,2024-11-21 22:10:00,0.5152530890240999,False,False,False,False,False,False,False,False,False,True,False,False,False,False,False,False,False,False,True,False,False,False,False,False,True,False,False,False,False
2024-11-21 22:10:00,2024-11-21 22:17:00,0,New York,Berkeley Heights,1.453808192030551,6.139240506329114,2024-11-21,22:10,1,0,-1.7123122543800642,-1.7123122543800642,2024-11-23 23:09:00,0.7470358845954002,False,False,False,False,False,False,False,False,False,True,False,False,False,False,False,False,True,False,False,False,False,False,False,True,False,False,False,False,False
2024-11-23 23:09:00,2024-11-23 23:27:00,0,Durham,Melbourne,-1.1068740876748129,6.139240506329114,2024-11-23,23:09,1,0,-1.2622551517199383,-1.2622551517199383,2024-11-26 18:32:00,1.3916633542122734,False,False,False,False,False,False,False,False,False,True,False,False,False,False,True,False,False,False,False,False,False,False,False,False,False,False,False,True,False
2024-11-26 19:01:00,2024-11-26 19:48:00,1,Lake Wales,Jacksonville,-1.1289489349136523,7.085714285714285,2024-11-26,19:01,1,0,-0.0757409719796061,-0.0757409719796061,2024-11-27 19:42:00,-0.1364517178621261,False,False,False,False,False,False,False,False,False,True,False,False,False,False,False,False,False,True,False,False,False,False,False,False,False,False,False,True,False
2024-11-27 19:42:00,2024-11-27 20:40:00,0,Palm Beach,Wilmington,-0.599152601181508,6.139240506329114,2024-11-27,19:42,1,0,0.3743161306805199,0.3743161306805199,2024-11-29 08:55:00,0.3005738585204019,False,False,False,False,False,False,False,False,False,True,False,False,False,False,False,False,False,False,True,False,False,False,True,False,False,False,False,False,False
2024-11-29 20:22:00,2024-11-29 21:09:00,0,Palm Beach,Miami,-0.9744250042417769,6.139240506329114,2024-11-29,20:22,1,0,-0.0757409719796061,-0.0757409719796061,2024-11-30 12:21:00,-0.4443158890789677,False,False,False,False,False,False,False,False,False,True,False,False,True,False,False,False,False,False,False,False,False,False,False,True,False,False,False,False,False
2024-11-30 12:21:00,2024-11-30 13:36:00,0,Chapel Hill,Fort Pierce,-0.11350596192704246,6.139240506329114,2024-11-30,12:21,0,0,1.0698589257007145,1.0698589257007145,2024-11-30 15:50:00,-0.9031632553753332,False,False,False,False,False,False,False,False,False,True,False,False,False,False,True,False,False,False,False,False,False,False,True,False,False,False,False,False,False
2024-11-30 15:50:00,2024-11-30 16:56:00,0,Durham,Berkeley Heights,-0.7978262263310621,6.139240506329114,2024-11-30,15:50,0,0,0.7016303871606115,0.7016303871606115,2024-11-30 16:13:00,-1.0075539800982851,False,False,False,False,False,False,False,False,False,True,False,False,False,False,True,False,False,False,False,False,False,False,False,False,False,True,False,False,False
2024-11-30 16:13:00,2024-11-30 16:23:00,0,Atlanta,Cary,-0.11350596192704246,6.139240506329114,2024-11-30,16:13,0,0,-1.5895694082000298,-1.5895694082000298,2024-11-30 19:26:00,-0.874264128192143,False,False,False,False,False,False,False,False,False,True,False,False,False,False,True,False,False,False,False,False,False,True,False,False,False,False,False,False,False
2024-11-30 19:26:00,2024-11-30 20:11:00,0,Durham,Sarasota,-0.7095268373757048,6.139240506329114,2024-11-30,19:26,1,0,-0.157569536099629,-0.157569536099629,2024-12-01 18:42:00,-0.18540330064181545,False,False,False,False,False,False,False,False,False,True,False,False,False,False,True,False,False,False,False,False,False,False,False,False,False,False,False,True,False
2024-12-01 18:42:00,2024-12-01 19:07:00,1,Savannah,Raleigh,-1.040649545958295,7.085714285714285,2024-12-01,18:42,1,0,-0.975855177299858,-0.975855177299858,2024-12-01 19:07:00,-0.9821935215497715,False,False,True,False,False,False,False,False,False,False,False,False,False,False,False,True,False,False,False,False,False,False,True,False,False,False,False,False,False
2024-12-03 19:42:00,2024-12-03 20:05:00,0,Cary,Elizabeth,-0.2018053508823999,6.139240506329114,2024-12-03,19:42,1,0,-1.057683741419881,-1.057683741419881,2024-12-05 06:36:00,0.23923693551934538,False,False,True,False,False,False,False,False,False,False,False,False,False,False,False,False,False,True,False,True,False,False,False,False,False,False,False,False,False
2024-12-05 06:36:00,2024-12-05 08:06:00,1,Wilmington,Sarasota,0.4383652190439411,7.085714285714285,2024-12-05,06:36,0,0,1.6835731566008865,1.6835731566008865,2024-12-05 12:02:00,-0.8430058885858354,False,False,True,False,False,False,False,False,False,False,False,False,False,False,False,False,True,False,False,False,False,False,False,False,False,False,False,True,False
2024-12-05 12:02:00,2024-12-05 13:03:00,0,Fort Pierce,Daytona Beach,-0.9082004625252589,6.139240506329114,2024-12-05,12:02,0,0,0.4970589768605543,0.4970589768605543,2024-12-06 09:12:00,-0.26915179166248887,False,False,True,False,False,False,False,False,False,False,False,False,False,False,False,False,True,False,False,False,False,True,False,False,False,False,False,False,False
2024-12-06 09:12:00,2024-12-06 10:03:00,0,Chapel Hill,Elizabeth,-0.4887783649873113,6.139240506329114,2024-12-06,09:12,0,0,0.08791615626043972,0.08791615626043972,2024-12-07 11:54:00,-0.06744767948593745,False,False,True,False,False,False,False,False,False,False,False,False,True,False,False,False,False,False,False,False,False,False,False,False,False,False,False,False,True
2024-12-07 11:54:00,2024-12-07 12:16:00,1,Daytona Beach,Chapel Hill,0.17346705217786895,7.085714285714285,2024-12-07,11:54,0,0,-1.0985980234798924,-1.0985980234798924,2024-12-08 02:14:00,-0.48795946890664255,False,False,True,False,False,False,False,False,False,False,False,False,False,False,True,False,False,False,False,False,False,False,False,False,False,False,False,True,False
2024-12-08 02:14:00,2024-12-08 02:27:00,1,Boca Raton,Elizabeth,-0.5770777539426687,7.085714285714285,2024-12-08,02:14,1,0,-1.4668265620199956,-1.4668265620199956,2024-12-09 01:20:00,-0.1724281823146689,False,False,True,False,False,False,False,False,False,False,False,False,False,False,False,True,False,False,False,False,False,False,False,False,False,False,False,True,False
2024-12-09 01:20:00,2024-12-09 01:31:00,0,West Palm Beach,Miami,0.4604400662827804,6.139240506329114,2024-12-09,01:20,1,0,-1.5486551261400183,-1.5486551261400183,2024-12-09 08:43:00,-0.727409379853075,False,False,True,False,False,False,False,False,False,False,False,False,False,True,False,False,False,False,False,False,False,False,False,False,False,False,False,True,False
2024-12-09 08:43:00,2024-12-09 09:40:00,1,Atlanta,Gainesville,0.81363762210421,7.085714285714285,2024-12-09,08:43,0,0,0.3334018486205084,0.3334018486205084,2024-12-11 18:04:00,1.0136155884076845,False,False,True,False,False,False,False,False,False,False,False,False,False,True,False,False,False,False,False,False,False,False,True,False,False,False,False,False,False
2024-12-11 18:04:00,2024-12-11 19:21:00,0,West Palm Beach,Tampa,-0.8640507680475802,6.139240506329114,2024-12-11,18:04,1,0,1.1516874898207374,1.1516874898207374,2024-12-16 15:57:00,3.143894106482841,False,False,True,False,False,False,False,False,False,False,False,False,False,False,False,False,False,False,True,False,False,False,False,False,False,False,False,True,False
2024-12-16 15:57:00,2024-12-16 16:38:00,0,Orlando,Chapel Hill,-0.04728142021052447,6.139240506329114,2024-12-16,15:57,0,0,-0.32122666433967484,-0.32122666433967484,2024-12-16 20:19:00,-0.8518525601725262,False,False,True,False,False,False,False,False,False,False,False,False,False,True,False,False,False,False,False,False,False,False,False,True,False,False,False,False,False
2024-12-16 20:19:00,2024-12-16 21:44:00,0,Charlotte,Apex,-0.7536765318533835,6.139240506329114,2024-12-16,20:19,1,0,1.4790017463008291,1.4790017463008291,2024-12-18 04:29:00,0.10594708361320322,False,False,True,False,False,False,False,False,False,False,False,False,False,True,False,False,False,False,False,False,False,False,False,False,False,False,False,False,True
2024-12-18 04:29:00,2024-12-18 05:44:00,0,Sarasota,Savannah,0.7253382331488525,6.139240506329114,2024-12-18,04:29,1,0,1.0698589257007145,1.0698589257007145,2024-12-18 16:39:00,-0.595888862264271,False,False,True,False,False,False,False,False,False,False,False,False,False,False,False,False,False,False,True,False,False,False,False,False,True,False,False,False,False
2024-12-23 14:12:00,2024-12-23 14:59:00,0,Sarasota,Atlanta,-0.9744250042417769,6.139240506329114,2024-12-23,14:12,0,0,-0.0757409719796061,-0.0757409719796061,2024-12-26 17:51:00,1.6670897296112486,False,False,True,False,False,False,False,False,False,False,False,False,False,True,False,False,False,False,False,False,False,False,False,False,False,True,False,False,False
2024-12-26 17:51:00,2024-12-26 18:35:00,0,Durham,Sarasota,-0.8199010735699015,6.139240506329114,2024-12-26,17:51,0,0,-0.19848381815964045,-0.19848381815964045,2024-12-26 19:04:00,-0.9650899564821691,False,False,True,False,False,False,False,False,False,False,False,False,False,False,False,False,True,False,False,True,False,False,False,False,False,False,False,False,False
2024-12-26 19:04:00,2024-12-26 19:18:00,0,Winter Park,Jamaica,-0.7316016846145441,6.139240506329114,2024-12-26,19:04,1,0,-1.4259122799599842,-1.4259122799599842,2024-12-26 19:41:00,-0.9686286251168454,False,False,True,False,False,False,False,False,False,False,False,False,False,False,False,False,True,False,False,False,False,False,False,False,False,False,False,True,False
2024-12-26 19:41:00,2024-12-26 21:10:00,0,Fort Pierce,Kissimmee,1.5200327337470687,6.139240506329114,2024-12-26,19:41,1,0,1.642658874540875,1.642658874540875,2024-12-29 00:05:00,0.8195785916062652,False,False,True,False,False,False,False,False,False,False,False,False,False,False,False,False,True,False,False,False,False,False,False,False,False,False,False,False,True
2024-12-29 00:05:00,2024-12-29 00:43:00,0,Gainesville,Boca Raton,-0.6212274484203474,6.139240506329114,2024-12-29,00:05,1,0,-0.4439695105197092,-0.4439695105197092,,,False,False,True,False,False,False,False,False,False,False,False,False,False,False,False,True,False,False,False,False,True,False,False,False,False,False,False,False,False
